time,pm10_ugm3,pm2_5_ugm3,uv_index,ozone_ugm3,co_ugm3,co2_ppm,pm10_ugm3_missing,pm2_5_ugm3_missing,uv_index_missing,ozone_ugm3_missing,co_ugm3_missing,co2_ppm_missing,pm10_ugm3_invalid_negative,pm2_5_ugm3_invalid_negative,uv_index_invalid_negative,ozone_ugm3_invalid_negative,co_ugm3_invalid_negative,co2_ppm_invalid_negative,uv_index_invalid_range,pm_invalid_logic,pm10_ugm3_invalid_range,pm2_5_ugm3_invalid_range,has_quality_issues
2024-01-01,59.04,39.5,7.65,58.92,692.62,,0,0,0,0,0,1,0,0,0,0,0,0,0,0,0,0,1
2024-01-02,58.75,39.01,6.15,66.0,585.96,,0,0,0,0,0,1,0,0,0,0,0,0,0,0,0,0,1
2024-01-03,44.8,29.48,7.3,60.96,533.12,,0,0,0,0,0,1,0,0,0,0,0,0,0,0,0,0,1
2024-01-04,42.05,27.4,8.35,78.38,490.0,,0,0,0,0,0,1,0,0,0,0,0,0,0,0,0,0,1
2024-01-05,43.02,28.22,7.5,65.92,563.21,,0,0,0,0,0,1,0,0,0,0,0,0,0,0,0,0,1
2024-01-06,54.5,35.84,8.0,74.75,629.67,,0,0,0,0,0,1,0,0,0,0,0,0,0,0,0,0,1
2024-01-07,36.47,23.18,8.3,74.92,438.92,,0,0,0,0,0,1,0,0,0,0,0,0,0,0,0,0,1
2024-01-08,43.51,28.14,5.65,53.88,554.46,,0,0,0,0,0,1,0,0,0,0,0,0,0,0,0,0,1
2024-01-09,38.19,24.2,8.45,70.67,393.04,,0,0,0,0,0,1,0,0,0,0,0,0,0,0,0,0,1
2024-01-10,36.44,23.62,6.8,67.29,378.17,,0,0,0,0,0,1,0,0,0,0,0,0,0,0,0,0,1
2024-01-11,36.5,23.9,7.7,81.62,421.21,,0,0,0,0,0,1,0,0,0,0,0,0,0,0,0,0,1
2024-01-12,42.26,27.16,7.7,84.54,502.54,,0,0,0,0,0,1,0,0,0,0,0,0,0,0,0,0,1
2024-01-13,46.81,30.44,7.8,79.83,562.92,,0,0,0,0,0,1,0,0,0,0,0,0,0,0,0,0,1
2024-01-14,60.23,40.15,8.5,82.71,720.21,,0,0,0,0,0,1,0,0,0,0,0,0,0,0,0,0,1
2024-01-15,48.66,32.65,9.3,69.21,687.96,,0,0,0,0,0,1,0,0,0,0,0,0,0,0,0,0,1
2024-01-16,42.4,27.61,9.9,70.04,554.62,,0,0,0,0,0,1,0,0,0,0,0,0,0,0,0,0,1
2024-01-17,29.63,19.15,10.05,66.92,425.92,,0,0,0,0,0,1,0,0,0,0,0,0,0,0,0,0,1
2024-01-18,31.01,20.03,8.55,79.42,392.25,,0,0,0,0,0,1,0,0,0,0,0,0,0,0,0,0,1
2024-01-19,33.16,21.7,8.95,80.96,394.25,,0,0,0,0,0,1,0,0,0,0,0,0,0,0,0,0,1
2024-01-20,36.05,23.25,8.05,78.42,348.5,,0,0,0,0,0,1,0,0,0,0,0,0,0,0,0,0,1
2024-01-21,33.19,21.29,7.05,77.46,324.29,,0,0,0,0,0,1,0,0,0,0,0,0,0,0,0,0,1
2024-01-22,22.77,14.98,10.6,67.25,320.21,,0,0,0,0,0,1,0,0,0,0,0,0,0,0,0,0,1
2024-01-23,28.08,18.15,10.25,65.08,410.08,,0,0,0,0,0,1,0,0,0,0,0,0,0,0,0,0,1
2024-01-24,22.62,14.99,10.7,64.83,484.58,,0,0,0,0,0,1,0,0,0,0,0,0,0,0,0,0,1
2024-01-25,28.46,19.0,11.05,70.29,574.04,,0,0,0,0,0,1,0,0,0,0,0,0,0,0,0,0,1
2024-01-26,35.35,23.11,11.1,77.17,561.67,,0,0,0,0,0,1,0,0,0,0,0,0,0,0,0,0,1
2024-01-27,35.19,23.2,10.45,92.12,509.29,,0,0,0,0,0,1,0,0,0,0,0,0,0,0,0,0,1
2024-01-28,31.0,19.97,10.8,81.88,495.33,,0,0,0,0,0,1,0,0,0,0,0,0,0,0,0,0,1
2024-01-29,22.55,14.57,10.95,73.38,417.75,,0,0,0,0,0,1,0,0,0,0,0,0,0,0,0,0,1
2024-01-30,21.77,13.63,11.0,74.88,350.08,,0,0,0,0,0,1,0,0,0,0,0,0,0,0,0,0,1
2024-01-31,23.64,14.99,9.7,76.96,356.79,,0,0,0,0,0,1,0,0,0,0,0,0,0,0,0,0,1
2024-02-01,25.69,16.29,9.35,74.46,365.42,,0,0,0,0,0,1,0,0,0,0,0,0,0,0,0,0,1
2024-02-02,24.8,15.68,8.2,73.21,328.12,,0,0,0,0,0,1,0,0,0,0,0,0,0,0,0,0,1
2024-02-03,23.58,15.02,8.85,74.62,309.25,,0,0,0,0,0,1,0,0,0,0,0,0,0,0,0,0,1
2024-02-04,30.63,19.25,10.8,70.42,328.0,,0,0,0,0,0,1,0,0,0,0,0,0,0,0,0,0,1
2024-02-05,26.05,16.66,8.3,72.0,292.92,,0,0,0,0,0,1,0,0,0,0,0,0,0,0,0,0,1
2024-02-06,22.69,14.52,12.05,61.92,245.71,,0,0,0,0,0,1,0,0,0,0,0,0,0,0,0,0,1
2024-02-07,36.32,22.64,8.65,60.04,289.88,,0,0,0,0,0,1,0,0,0,0,0,0,0,0,0,0,1
2024-02-08,27.83,17.02,8.75,56.29,286.21,,0,0,0,0,0,1,0,0,0,0,0,0,0,0,0,0,1
2024-02-09,27.42,17.44,10.0,56.67,332.5,,0,0,0,0,0,1,0,0,0,0,0,0,0,0,0,0,1
2024-02-10,29.05,18.99,11.4,74.12,433.79,,0,0,0,0,0,1,0,0,0,0,0,0,0,0,0,0,1
2024-02-11,24.17,16.35,10.5,68.83,601.92,,0,0,0,0,0,1,0,0,0,0,0,0,0,0,0,0,1
2024-02-12,27.81,18.5,11.7,75.58,581.58,,0,0,0,0,0,1,0,0,0,0,0,0,0,0,0,0,1
2024-02-13,18.87,12.16,12.05,76.5,373.5,,0,0,0,0,0,1,0,0,0,0,0,0,0,0,0,0,1
2024-02-14,16.41,10.5,11.95,71.25,321.17,,0,0,0,0,0,1,0,0,0,0,0,0,0,0,0,0,1
2024-02-15,15.94,10.12,11.15,71.33,290.33,,0,0,0,0,0,1,0,0,0,0,0,0,0,0,0,0,1
2024-02-16,17.3,11.08,12.05,70.42,293.58,,0,0,0,0,0,1,0,0,0,0,0,0,0,0,0,0,1
2024-02-17,18.39,11.58,11.85,68.08,255.42,,0,0,0,0,0,1,0,0,0,0,0,0,0,0,0,0,1
2024-02-18,19.22,11.85,12.5,67.12,251.08,,0,0,0,0,0,1,0,0,0,0,0,0,0,0,0,0,1
2024-02-19,21.21,12.86,10.95,63.67,246.08,,0,0,0,0,0,1,0,0,0,0,0,0,0,0,0,0,1
2024-02-20,17.74,11.24,11.0,55.38,252.71,,0,0,0,0,0,1,0,0,0,0,0,0,0,0,0,0,1
2024-02-21,17.06,10.65,9.4,55.25,243.29,,0,0,0,0,0,1,0,0,0,0,0,0,0,0,0,0,1
2024-02-22,16.55,10.54,12.7,55.83,226.38,,0,0,0,0,0,1,0,0,0,0,0,0,0,0,0,0,1
2024-02-23,18.24,11.62,10.1,57.96,229.88,,0,0,0,0,0,1,0,0,0,0,0,0,0,0,0,0,1
2024-02-24,22.41,13.87,10.85,66.21,270.62,,0,0,0,0,0,1,0,0,0,0,0,0,0,0,0,0,1
2024-02-25,22.94,14.4,10.15,74.92,293.38,,0,0,0,0,0,1,0,0,0,0,0,0,0,0,0,0,1
2024-02-26,21.15,13.49,12.75,58.79,334.96,,0,0,0,0,0,1,0,0,0,0,0,0,0,0,0,0,1
2024-02-27,18.13,11.74,11.5,59.0,279.5,,0,0,0,0,0,1,0,0,0,0,0,0,0,0,0,0,1
2024-02-28,16.25,10.1,11.45,68.21,231.75,,0,0,0,0,0,1,0,0,0,0,0,0,0,0,0,0,1
2024-02-29,19.1,11.7,13.4,74.0,247.79,,0,0,0,0,0,1,0,0,0,0,0,0,0,0,0,0,1
2024-03-01,21.51,13.25,11.85,75.58,303.88,,0,0,0,0,0,1,0,0,0,0,0,0,0,0,0,0,1
2024-03-02,26.82,16.67,11.65,72.25,360.67,,0,0,0,0,0,1,0,0,0,0,0,0,0,0,0,0,1
2024-03-03,22.38,13.46,11.65,84.79,346.58,,0,0,0,0,0,1,0,0,0,0,0,0,0,0,0,0,1
2024-03-04,29.56,17.43,10.65,75.21,308.42,,0,0,0,0,0,1,0,0,0,0,0,0,0,0,0,0,1
2024-03-05,37.4,23.62,6.4,66.67,347.62,,0,0,0,0,0,1,0,0,0,0,0,0,0,0,0,0,1
2024-03-06,47.62,30.81,8.25,82.67,368.46,,0,0,0,0,0,1,0,0,0,0,0,0,0,0,0,0,1
2024-03-07,41.72,26.02,8.3,89.33,289.75,,0,0,0,0,0,1,0,0,0,0,0,0,0,0,0,0,1
2024-03-08,21.13,13.0,12.9,64.12,242.5,,0,0,0,0,0,1,0,0,0,0,0,0,0,0,0,0,1
2024-03-09,36.33,22.72,10.05,77.96,317.46,,0,0,0,0,0,1,0,0,0,0,0,0,0,0,0,0,1
2024-03-10,26.93,16.72,10.1,75.58,276.17,,0,0,0,0,0,1,0,0,0,0,0,0,0,0,0,0,1
2024-03-11,22.5,14.29,13.45,72.0,358.42,,0,0,0,0,0,1,0,0,0,0,0,0,0,0,0,0,1
2024-03-12,25.75,15.98,12.55,73.54,373.17,,0,0,0,0,0,1,0,0,0,0,0,0,0,0,0,0,1
2024-03-13,28.96,18.18,8.15,77.38,366.04,,0,0,0,0,0,1,0,0,0,0,0,0,0,0,0,0,1
2024-03-14,25.8,15.65,10.2,75.67,300.33,,0,0,0,0,0,1,0,0,0,0,0,0,0,0,0,0,1
2024-03-15,28.15,17.31,12.65,66.17,263.79,,0,0,0,0,0,1,0,0,0,0,0,0,0,0,0,0,1
2024-03-16,25.15,15.36,12.55,67.79,268.58,,0,0,0,0,0,1,0,0,0,0,0,0,0,0,0,0,1
2024-03-17,25.1,15.38,10.2,61.29,277.25,,0,0,0,0,0,1,0,0,0,0,0,0,0,0,0,0,1
2024-03-18,21.85,13.42,12.5,68.0,249.62,,0,0,0,0,0,1,0,0,0,0,0,0,0,0,0,0,1
2024-03-19,22.82,14.03,13.5,71.92,298.17,,0,0,0,0,0,1,0,0,0,0,0,0,0,0,0,0,1
2024-03-20,29.88,18.85,11.0,72.88,414.58,,0,0,0,0,0,1,0,0,0,0,0,0,0,0,0,0,1
2024-03-21,24.98,15.23,11.25,88.79,359.46,,0,0,0,0,0,1,0,0,0,0,0,0,0,0,0,0,1
2024-03-22,20.62,12.39,11.9,78.88,275.88,,0,0,0,0,0,1,0,0,0,0,0,0,0,0,0,0,1
2024-03-23,18.68,11.28,11.45,65.79,276.58,,0,0,0,0,0,1,0,0,0,0,0,0,0,0,0,0,1
2024-03-24,19.43,12.3,12.6,62.12,284.92,,0,0,0,0,0,1,0,0,0,0,0,0,0,0,0,0,1
2024-03-25,16.82,10.43,13.55,65.12,245.71,,0,0,0,0,0,1,0,0,0,0,0,0,0,0,0,0,1
2024-03-26,18.62,11.38,13.9,64.75,228.83,,0,0,0,0,0,1,0,0,0,0,0,0,0,0,0,0,1
2024-03-27,23.32,13.99,11.05,66.38,258.29,,0,0,0,0,0,1,0,0,0,0,0,0,0,0,0,0,1
2024-03-28,27.97,17.16,11.9,55.46,270.42,,0,0,0,0,0,1,0,0,0,0,0,0,0,0,0,0,1
2024-03-29,29.94,18.13,11.35,51.58,247.21,,0,0,0,0,0,1,0,0,0,0,0,0,0,0,0,0,1
2024-03-30,25.1,15.9,11.8,47.33,249.25,,0,0,0,0,0,1,0,0,0,0,0,0,0,0,0,0,1
2024-03-31,28.89,18.15,12.25,47.88,263.79,,0,0,0,0,0,1,0,0,0,0,0,0,0,0,0,0,1
2024-04-01,31.2,19.43,9.95,70.33,272.5,,0,0,0,0,0,1,0,0,0,0,0,0,0,0,0,0,1
2024-04-02,28.02,16.96,10.25,60.12,255.17,,0,0,0,0,0,1,0,0,0,0,0,0,0,0,0,0,1
2024-04-03,19.62,11.97,10.95,47.42,231.21,,0,0,0,0,0,1,0,0,0,0,0,0,0,0,0,0,1
2024-04-04,19.34,11.76,9.1,55.54,232.58,,0,0,0,0,0,1,0,0,0,0,0,0,0,0,0,0,1
2024-04-05,20.84,12.4,8.5,63.12,217.21,,0,0,0,0,0,1,0,0,0,0,0,0,0,0,0,0,1
2024-04-06,16.33,9.8,13.25,59.38,205.96,,0,0,0,0,0,1,0,0,0,0,0,0,0,0,0,0,1
2024-04-07,19.28,11.47,12.35,53.17,217.96,,0,0,0,0,0,1,0,0,0,0,0,0,0,0,0,0,1
2024-04-08,19.13,11.62,9.75,54.0,223.58,,0,0,0,0,0,1,0,0,0,0,0,0,0,0,0,0,1
2024-04-09,15.37,9.55,12.6,58.75,186.12,,0,0,0,0,0,1,0,0,0,0,0,0,0,0,0,0,1
2024-04-10,30.13,17.84,11.9,64.88,195.5,,0,0,0,0,0,1,0,0,0,0,0,0,0,0,0,0,1
2024-04-11,23.48,13.84,11.95,64.62,192.0,,0,0,0,0,0,1,0,0,0,0,0,0,0,0,0,0,1
2024-04-12,29.64,17.78,10.4,76.58,251.29,,0,0,0,0,0,1,0,0,0,0,0,0,0,0,0,0,1
2024-04-13,26.75,15.65,9.5,66.08,218.54,,0,0,0,0,0,1,0,0,0,0,0,0,0,0,0,0,1
2024-04-14,25.62,14.88,9.9,59.92,210.42,,0,0,0,0,0,1,0,0,0,0,0,0,0,0,0,0,1
2024-04-15,17.28,10.43,11.15,53.33,200.58,,0,0,0,0,0,1,0,0,0,0,0,0,0,0,0,0,1
2024-04-16,16.65,10.08,13.3,58.42,206.75,,0,0,0,0,0,1,0,0,0,0,0,0,0,0,0,0,1
2024-04-17,22.23,13.25,10.75,51.96,260.62,,0,0,0,0,0,1,0,0,0,0,0,0,0,0,0,0,1
2024-04-18,24.43,15.12,9.9,59.54,268.67,,0,0,0,0,0,1,0,0,0,0,0,0,0,0,0,0,1
2024-04-19,20.3,12.18,11.7,55.96,250.38,,0,0,0,0,0,1,0,0,0,0,0,0,0,0,0,0,1
2024-04-20,14.82,9.2,11.0,51.21,234.67,,0,0,0,0,0,1,0,0,0,0,0,0,0,0,0,0,1
2024-04-21,15.08,9.72,11.15,52.42,240.17,,0,0,0,0,0,1,0,0,0,0,0,0,0,0,0,0,1
2024-04-22,17.11,10.48,10.5,53.12,245.75,,0,0,0,0,0,1,0,0,0,0,0,0,0,0,0,0,1
2024-04-23,15.63,10.09,10.8,52.04,259.17,,0,0,0,0,0,1,0,0,0,0,0,0,0,0,0,0,1
2024-04-24,14.52,9.19,10.1,49.21,248.71,,0,0,0,0,0,1,0,0,0,0,0,0,0,0,0,0,1
2024-04-25,16.4,10.22,11.8,44.21,232.04,,0,0,0,0,0,1,0,0,0,0,0,0,0,0,0,0,1
2024-04-26,16.81,10.54,10.8,36.96,234.58,,0,0,0,0,0,1,0,0,0,0,0,0,0,0,0,0,1
2024-04-27,14.8,9.4,11.8,42.42,210.12,,0,0,0,0,0,1,0,0,0,0,0,0,0,0,0,0,1
2024-04-28,17.4,11.12,10.85,38.88,242.38,,0,0,0,0,0,1,0,0,0,0,0,0,0,0,0,0,1
2024-04-29,23.94,15.25,10.5,36.29,277.5,,0,0,0,0,0,1,0,0,0,0,0,0,0,0,0,0,1
2024-04-30,19.96,12.57,9.75,43.46,226.71,,0,0,0,0,0,1,0,0,0,0,0,0,0,0,0,0,1
2024-05-01,20.75,13.0,10.55,45.33,217.75,,0,0,0,0,0,1,0,0,0,0,0,0,0,0,0,0,1
2024-05-02,17.4,10.6,11.5,51.67,211.75,,0,0,0,0,0,1,0,0,0,0,0,0,0,0,0,0,1
2024-05-03,14.35,9.11,10.4,49.12,217.42,,0,0,0,0,0,1,0,0,0,0,0,0,0,0,0,0,1
2024-05-04,21.27,14.07,10.1,43.38,284.29,,0,0,0,0,0,1,0,0,0,0,0,0,0,0,0,0,1
2024-05-05,29.84,19.9,7.8,39.71,425.38,,0,0,0,0,0,1,0,0,0,0,0,0,0,0,0,0,1
2024-05-06,21.22,13.11,9.55,53.29,263.5,,0,0,0,0,0,1,0,0,0,0,0,0,0,0,0,0,1
2024-05-07,26.29,17.1,11.5,45.04,364.46,,0,0,0,0,0,1,0,0,0,0,0,0,0,0,0,0,1
2024-05-08,25.46,16.21,10.1,60.46,279.67,,0,0,0,0,0,1,0,0,0,0,0,0,0,0,0,0,1
2024-05-09,33.64,20.69,10.4,55.38,365.42,,0,0,0,0,0,1,0,0,0,0,0,0,0,0,0,0,1
2024-05-10,24.07,14.12,10.1,64.79,236.79,,0,0,0,0,0,1,0,0,0,0,0,0,0,0,0,0,1
2024-05-11,24.89,15.31,9.85,51.92,275.92,,0,0,0,0,0,1,0,0,0,0,0,0,0,0,0,0,1
2024-05-12,22.68,14.38,8.3,49.54,289.88,,0,0,0,0,0,1,0,0,0,0,0,0,0,0,0,0,1
2024-05-13,28.56,18.27,10.1,46.92,384.38,,0,0,0,0,0,1,0,0,0,0,0,0,0,0,0,0,1
2024-05-14,29.71,18.94,9.5,61.46,315.17,,0,0,0,0,0,1,0,0,0,0,0,0,0,0,0,0,1
2024-05-15,21.71,14.09,8.7,46.21,297.83,,0,0,0,0,0,1,0,0,0,0,0,0,0,0,0,0,1
2024-05-16,21.43,13.72,8.3,46.29,285.5,,0,0,0,0,0,1,0,0,0,0,0,0,0,0,0,0,1
2024-05-17,23.44,15.12,9.65,36.75,345.21,,0,0,0,0,0,1,0,0,0,0,0,0,0,0,0,0,1
2024-05-18,26.4,16.82,9.35,41.62,307.42,,0,0,0,0,0,1,0,0,0,0,0,0,0,0,0,0,1
2024-05-19,29.17,19.68,6.6,44.38,386.17,,0,0,0,0,0,1,0,0,0,0,0,0,0,0,0,0,1
2024-05-20,35.64,24.28,8.15,61.38,346.29,,0,0,0,0,0,1,0,0,0,0,0,0,0,0,0,0,1
2024-05-21,47.24,32.41,9.35,57.88,435.92,,0,0,0,0,0,1,0,0,0,0,0,0,0,0,0,0,1
2024-05-22,54.65,37.35,9.35,72.25,456.04,,0,0,0,0,0,1,0,0,0,0,0,0,0,0,0,0,1
2024-05-23,53.47,36.35,5.65,42.5,659.92,,0,0,0,0,0,1,0,0,0,0,0,0,0,0,0,0,1
2024-05-24,35.96,23.67,9.0,53.54,396.29,,0,0,0,0,0,1,0,0,0,0,0,0,0,0,0,0,1
2024-05-25,26.65,16.65,9.95,49.83,322.08,,0,0,0,0,0,1,0,0,0,0,0,0,0,0,0,0,1
2024-05-26,31.62,21.17,9.8,51.0,369.96,,0,0,0,0,0,1,0,0,0,0,0,0,0,0,0,0,1
2024-05-27,49.06,33.35,8.85,56.67,472.25,,0,0,0,0,0,1,0,0,0,0,0,0,0,0,0,0,1
2024-05-28,41.68,28.44,9.55,48.12,555.58,,0,0,0,0,0,1,0,0,0,0,0,0,0,0,0,0,1
2024-05-29,40.55,27.59,10.4,46.33,460.79,,0,0,0,0,0,1,0,0,0,0,0,0,0,0,0,0,1
2024-05-30,37.02,25.31,9.1,42.08,468.08,,0,0,0,0,0,1,0,0,0,0,0,0,0,0,0,0,1
2024-05-31,39.78,27.11,9.65,42.29,458.79,,0,0,0,0,0,1,0,0,0,0,0,0,0,0,0,0,1
2024-06-01,55.18,37.81,9.15,57.62,499.46,,0,0,0,0,0,1,0,0,0,0,0,0,0,0,0,0,1
2024-06-02,55.39,38.25,8.9,57.42,633.21,,0,0,0,0,0,1,0,0,0,0,0,0,0,0,0,0,1
2024-06-03,55.64,37.86,9.7,64.25,592.33,,0,0,0,0,0,1,0,0,0,0,0,0,0,0,0,0,1
2024-06-04,57.54,38.68,9.65,70.04,577.46,,0,0,0,0,0,1,0,0,0,0,0,0,0,0,0,0,1
2024-06-05,52.48,35.08,7.65,47.08,548.54,,0,0,0,0,0,1,0,0,0,0,0,0,0,0,0,0,1
2024-06-06,53.76,35.84,9.5,51.42,711.62,,0,0,0,0,0,1,0,0,0,0,0,0,0,0,0,0,1
2024-06-07,58.55,39.68,8.25,46.21,800.92,,0,0,0,0,0,1,0,0,0,0,0,0,0,0,0,0,1
2024-06-08,48.81,32.95,6.1,52.42,526.29,,0,0,0,0,0,1,0,0,0,0,0,0,0,0,0,0,1
2024-06-09,34.71,23.18,6.75,40.71,411.12,,0,0,0,0,0,1,0,0,0,0,0,0,0,0,0,0,1
2024-06-10,42.51,28.91,8.15,37.71,537.46,,0,0,0,0,0,1,0,0,0,0,0,0,0,0,0,0,1
2024-06-11,39.96,26.29,9.65,51.5,466.88,,0,0,0,0,0,1,0,0,0,0,0,0,0,0,0,0,1
2024-06-12,33.23,22.71,9.9,49.12,403.92,,0,0,0,0,0,1,0,0,0,0,0,0,0,0,0,0,1
2024-06-13,35.63,24.33,9.25,50.17,441.46,,0,0,0,0,0,1,0,0,0,0,0,0,0,0,0,0,1
2024-06-14,44.63,29.86,9.1,61.21,503.17,,0,0,0,0,0,1,0,0,0,0,0,0,0,0,0,0,1
2024-06-15,37.88,26.03,9.6,68.79,384.46,,0,0,0,0,0,1,0,0,0,0,0,0,0,0,0,0,1
2024-06-16,35.84,24.6,11.3,55.25,376.5,,0,0,0,0,0,1,0,0,0,0,0,0,0,0,0,0,1
2024-06-17,27.13,18.73,10.45,45.75,335.0,,0,0,0,0,0,1,0,0,0,0,0,0,0,0,0,0,1
2024-06-18,28.68,19.85,10.1,46.58,363.42,,0,0,0,0,0,1,0,0,0,0,0,0,0,0,0,0,1
2024-06-19,28.68,19.59,9.45,39.08,368.54,,0,0,0,0,0,1,0,0,0,0,0,0,0,0,0,0,1
2024-06-20,34.44,23.92,7.75,36.58,449.96,,0,0,0,0,0,1,0,0,0,0,0,0,0,0,0,0,1
2024-06-21,26.74,18.28,8.7,41.21,348.29,,0,0,0,0,0,1,0,0,0,0,0,0,0,0,0,0,1
2024-06-22,16.23,11.2,5.45,28.33,267.38,,0,0,0,0,0,1,0,0,0,0,0,0,0,0,0,0,1
2024-06-23,26.81,18.46,8.1,35.88,388.38,,0,0,0,0,0,1,0,0,0,0,0,0,0,0,0,0,1
2024-06-24,32.64,22.11,6.85,40.92,388.25,,0,0,0,0,0,1,0,0,0,0,0,0,0,0,0,0,1
2024-06-25,41.63,28.16,8.8,52.75,457.92,,0,0,0,0,0,1,0,0,0,0,0,0,0,0,0,0,1
2024-06-26,39.77,27.38,9.05,46.21,490.67,,0,0,0,0,0,1,0,0,0,0,0,0,0,0,0,0,1
2024-06-27,39.3,27.18,10.05,50.83,446.04,,0,0,0,0,0,1,0,0,0,0,0,0,0,0,0,0,1
2024-06-28,26.82,17.68,7.25,46.08,366.54,,0,0,0,0,0,1,0,0,0,0,0,0,0,0,0,0,1
2024-06-29,25.97,16.13,9.3,43.54,280.12,,0,0,0,0,0,1,0,0,0,0,0,0,0,0,0,0,1
2024-06-30,38.5,25.5,9.8,39.83,412.0,,0,0,0,0,0,1,0,0,0,0,0,0,0,0,0,0,1
2024-07-01,34.73,24.08,9.15,47.71,525.29,,0,0,0,0,0,1,0,0,0,0,0,0,0,0,0,0,1
2024-07-02,43.75,30.43,9.25,59.54,484.25,,0,0,0,0,0,1,0,0,0,0,0,0,0,0,0,0,1
2024-07-03,46.21,32.03,7.05,50.33,490.33,,0,0,0,0,0,1,0,0,0,0,0,0,0,0,0,0,1
2024-07-04,50.92,35.22,7.6,41.21,584.17,,0,0,0,0,0,1,0,0,0,0,0,0,0,0,0,0,1
2024-07-05,44.62,30.48,9.65,61.46,491.12,,0,0,0,0,0,1,0,0,0,0,0,0,0,0,0,0,1
2024-07-06,38.2,26.15,9.55,68.71,394.5,,0,0,0,0,0,1,0,0,0,0,0,0,0,0,0,0,1
2024-07-07,31.36,21.61,8.75,39.0,349.33,,0,0,0,0,0,1,0,0,0,0,0,0,0,0,0,0,1
2024-07-08,45.35,31.31,7.55,41.33,457.54,,0,0,0,0,0,1,0,0,0,0,0,0,0,0,0,0,1
2024-07-09,43.08,29.1,7.5,45.0,481.17,,0,0,0,0,0,1,0,0,0,0,0,0,0,0,0,0,1
2024-07-10,40.58,27.3,9.3,45.58,536.12,,0,0,0,0,0,1,0,0,0,0,0,0,0,0,0,0,1
2024-07-11,26.7,18.42,8.05,42.38,365.58,,0,0,0,0,0,1,0,0,0,0,0,0,0,0,0,0,1
2024-07-12,19.57,13.64,9.6,41.62,264.12,,0,0,0,0,0,1,0,0,0,0,0,0,0,0,0,0,1
2024-07-13,24.02,16.25,6.0,40.08,297.62,,0,0,0,0,0,1,0,0,0,0,0,0,0,0,0,0,1
2024-07-14,19.56,13.85,7.15,31.12,283.75,,0,0,0,0,0,1,0,0,0,0,0,0,0,0,0,0,1
2024-07-15,23.7,16.57,6.55,30.12,333.33,,0,0,0,0,0,1,0,0,0,0,0,0,0,0,0,0,1
2024-07-16,19.36,13.63,3.85,30.04,311.33,,0,0,0,0,0,1,0,0,0,0,0,0,0,0,0,0,1
2024-07-17,22.2,15.24,8.1,37.79,316.12,,0,0,0,0,0,1,0,0,0,0,0,0,0,0,0,0,1
2024-07-18,25.69,17.78,7.6,33.21,379.0,,0,0,0,0,0,1,0,0,0,0,0,0,0,0,0,0,1
2024-07-19,33.35,23.09,3.8,42.75,480.33,,0,0,0,0,0,1,0,0,0,0,0,0,0,0,0,0,1
2024-07-20,30.86,21.25,2.25,35.83,456.25,,0,0,0,0,0,1,0,0,0,0,0,0,0,0,0,0,1
2024-07-21,26.96,18.69,8.95,48.67,331.96,,0,0,0,0,0,1,0,0,0,0,0,0,0,0,0,0,1
2024-07-22,37.08,24.81,8.55,63.38,402.12,,0,0,0,0,0,1,0,0,0,0,0,0,0,0,0,0,1
2024-07-23,47.98,29.63,8.6,65.79,376.67,,0,0,0,0,0,1,0,0,0,0,0,0,0,0,0,0,1
2024-07-24,42.52,25.51,9.4,53.88,324.96,,0,0,0,0,0,1,0,0,0,0,0,0,0,0,0,0,1
2024-07-25,28.79,19.03,9.5,41.5,332.54,,0,0,0,0,0,1,0,0,0,0,0,0,0,0,0,0,1
2024-07-26,37.64,25.55,4.3,53.79,434.42,,0,0,0,0,0,1,0,0,0,0,0,0,0,0,0,0,1
2024-07-27,41.71,28.1,5.9,57.58,435.0,,0,0,0,0,0,1,0,0,0,0,0,0,0,0,0,0,1
2024-07-28,45.02,30.6,5.35,48.17,448.08,,0,0,0,0,0,1,0,0,0,0,0,0,0,0,0,0,1
2024-07-29,41.21,27.8,9.85,51.67,453.25,,0,0,0,0,0,1,0,0,0,0,0,0,0,0,0,0,1
2024-07-30,50.25,34.83,9.6,49.54,635.42,,0,0,0,0,0,1,0,0,0,0,0,0,0,0,0,0,1
2024-07-31,49.24,33.4,9.2,51.88,511.5,,0,0,0,0,0,1,0,0,0,0,0,0,0,0,0,0,1
2024-08-01,55.82,37.91,8.55,46.04,578.33,,0,0,0,0,0,1,0,0,0,0,0,0,0,0,0,0,1
2024-08-02,54.98,37.48,8.3,56.62,514.04,,0,0,0,0,0,1,0,0,0,0,0,0,0,0,0,0,1
2024-08-03,42.14,28.77,8.75,55.17,420.25,,0,0,0,0,0,1,0,0,0,0,0,0,0,0,0,0,1
2024-08-04,34.63,23.9,8.4,42.38,468.62,,0,0,0,0,0,1,0,0,0,0,0,0,0,0,0,0,1
2024-08-05,30.85,21.35,9.6,42.46,406.96,,0,0,0,0,0,1,0,0,0,0,0,0,0,0,0,0,1
2024-08-06,31.93,22.14,10.6,39.29,403.29,,0,0,0,0,0,1,0,0,0,0,0,0,0,0,0,0,1
2024-08-07,30.29,21.11,9.05,37.17,394.04,,0,0,0,0,0,1,0,0,0,0,0,0,0,0,0,0,1
2024-08-08,35.71,24.63,9.2,49.83,430.12,,0,0,0,0,0,1,0,0,0,0,0,0,0,0,0,0,1
2024-08-09,43.14,29.08,8.65,43.04,433.29,,0,0,0,0,0,1,0,0,0,0,0,0,0,0,0,0,1
2024-08-10,39.95,27.2,10.1,53.62,486.25,,0,0,0,0,0,1,0,0,0,0,0,0,0,0,0,0,1
2024-08-11,28.48,19.42,7.3,48.0,356.79,,0,0,0,0,0,1,0,0,0,0,0,0,0,0,0,0,1
2024-08-12,34.42,23.57,9.0,51.17,473.21,,0,0,0,0,0,1,0,0,0,0,0,0,0,0,0,0,1
2024-08-13,35.74,24.66,10.15,47.75,472.62,,0,0,0,0,0,1,0,0,0,0,0,0,0,0,0,0,1
2024-08-14,36.28,24.95,10.3,51.96,461.5,,0,0,0,0,0,1,0,0,0,0,0,0,0,0,0,0,1
2024-08-15,39.48,27.42,11.2,55.29,421.58,,0,0,0,0,0,1,0,0,0,0,0,0,0,0,0,0,1
2024-08-16,41.73,28.66,10.65,51.92,464.25,,0,0,0,0,0,1,0,0,0,0,0,0,0,0,0,0,1
2024-08-17,47.72,32.2,9.25,37.96,505.38,,0,0,0,0,0,1,0,0,0,0,0,0,0,0,0,0,1
2024-08-18,37.31,24.91,10.25,48.17,373.08,,0,0,0,0,0,1,0,0,0,0,0,0,0,0,0,0,1
2024-08-19,35.75,24.07,10.45,45.79,401.04,,0,0,0,0,0,1,0,0,0,0,0,0,0,0,0,0,1
2024-08-20,42.43,28.98,10.1,47.29,475.46,,0,0,0,0,0,1,0,0,0,0,0,0,0,0,0,0,1
2024-08-21,34.38,23.38,9.3,43.0,450.08,,0,0,0,0,0,1,0,0,0,0,0,0,0,0,0,0,1
2024-08-22,32.92,22.12,9.4,31.33,434.71,,0,0,0,0,0,1,0,0,0,0,0,0,0,0,0,0,1
2024-08-23,46.1,31.72,8.25,33.12,495.88,,0,0,0,0,0,1,0,0,0,0,0,0,0,0,0,0,1
2024-08-24,57.04,39.74,8.95,61.96,487.67,,0,0,0,0,0,1,0,0,0,0,0,0,0,0,0,0,1
2024-08-25,36.85,25.79,6.5,42.62,434.12,,0,0,0,0,0,1,0,0,0,0,0,0,0,0,0,0,1
2024-08-26,31.08,21.7,9.15,40.58,381.83,,0,0,0,0,0,1,0,0,0,0,0,0,0,0,0,0,1
2024-08-27,29.21,20.33,4.3,34.04,374.67,,0,0,0,0,0,1,0,0,0,0,0,0,0,0,0,0,1
2024-08-28,26.98,18.56,9.55,35.08,393.79,,0,0,0,0,0,1,0,0,0,0,0,0,0,0,0,0,1
2024-08-29,28.08,19.47,6.75,29.29,457.33,,0,0,0,0,0,1,0,0,0,0,0,0,0,0,0,0,1
2024-08-30,27.35,18.9,10.65,36.38,427.54,,0,0,0,0,0,1,0,0,0,0,0,0,0,0,0,0,1
2024-08-31,37.02,25.47,10.0,38.04,544.5,,0,0,0,0,0,1,0,0,0,0,0,0,0,0,0,0,1
2024-09-01,34.7,23.98,5.1,28.71,497.5,,0,0,0,0,0,1,0,0,0,0,0,0,0,0,0,0,1
2024-09-02,20.31,14.09,7.85,31.58,333.33,,0,0,0,0,0,1,0,0,0,0,0,0,0,0,0,0,1
2024-09-03,29.99,20.42,11.15,33.17,398.17,,0,0,0,0,0,1,0,0,0,0,0,0,0,0,0,0,1
2024-09-04,17.71,12.05,11.9,36.62,288.92,,0,0,0,0,0,1,0,0,0,0,0,0,0,0,0,0,1
2024-09-05,22.76,15.63,8.15,30.54,353.29,,0,0,0,0,0,1,0,0,0,0,0,0,0,0,0,0,1
2024-09-06,17.28,11.76,7.15,34.92,267.71,,0,0,0,0,0,1,0,0,0,0,0,0,0,0,0,0,1
2024-09-07,19.41,13.08,4.4,31.88,294.33,,0,0,0,0,0,1,0,0,0,0,0,0,0,0,0,0,1
2024-09-08,29.61,19.91,8.55,35.04,400.67,,0,0,0,0,0,1,0,0,0,0,0,0,0,0,0,0,1
2024-09-09,34.04,23.18,10.25,34.21,505.75,,0,0,0,0,0,1,0,0,0,0,0,0,0,0,0,0,1
2024-09-10,40.5,26.71,10.55,44.04,460.88,,0,0,0,0,0,1,0,0,0,0,0,0,0,0,0,0,1
2024-09-11,43.31,29.19,7.6,34.67,533.79,,0,0,0,0,0,1,0,0,0,0,0,0,0,0,0,0,1
2024-09-12,34.57,23.55,9.55,48.17,414.46,,0,0,0,0,0,1,0,0,0,0,0,0,0,0,0,0,1
2024-09-13,23.12,15.91,9.8,33.12,340.67,,0,0,0,0,0,1,0,0,0,0,0,0,0,0,0,0,1
2024-09-14,16.21,11.33,3.3,18.08,349.17,,0,0,0,0,0,1,0,0,0,0,0,0,0,0,0,0,1
2024-09-15,22.28,15.29,7.3,28.42,352.17,,0,0,0,0,0,1,0,0,0,0,0,0,0,0,0,0,1
2024-09-16,22.41,15.2,10.45,45.54,293.92,,0,0,0,0,0,1,0,0,0,0,0,0,0,0,0,0,1
2024-09-17,19.63,13.73,6.8,43.79,360.38,,0,0,0,0,0,1,0,0,0,0,0,0,0,0,0,0,1
2024-09-18,24.41,17.14,7.6,50.17,401.5,,0,0,0,0,0,1,0,0,0,0,0,0,0,0,0,0,1
2024-09-19,16.8,11.62,4.55,46.46,283.0,,0,0,0,0,0,1,0,0,0,0,0,0,0,0,0,0,1
2024-09-20,19.09,12.84,6.25,43.62,280.67,,0,0,0,0,0,1,0,0,0,0,0,0,0,0,0,0,1
2024-09-21,20.17,13.51,10.65,36.71,300.5,,0,0,0,0,0,1,0,0,0,0,0,0,0,0,0,0,1
2024-09-22,32.55,22.19,2.7,26.0,508.79,,0,0,0,0,0,1,0,0,0,0,0,0,0,0,0,0,1
2024-09-23,38.31,24.53,7.25,28.92,479.67,,0,0,0,0,0,1,0,0,0,0,0,0,0,0,0,0,1
2024-09-24,54.68,36.48,6.3,33.12,649.92,,0,0,0,0,0,1,0,0,0,0,0,0,0,0,0,0,1
2024-09-25,43.56,28.77,9.75,53.38,530.71,,0,0,0,0,0,1,0,0,0,0,0,0,0,0,0,0,1
2024-09-26,27.13,17.46,10.4,34.62,356.0,,0,0,0,0,0,1,0,0,0,0,0,0,0,0,0,0,1
2024-09-27,22.82,15.28,7.85,34.25,378.79,,0,0,0,0,0,1,0,0,0,0,0,0,0,0,0,0,1
2024-09-28,25.57,16.59,9.25,35.67,373.5,,0,0,0,0,0,1,0,0,0,0,0,0,0,0,0,0,1
2024-09-29,56.98,39.05,8.9,67.71,549.79,,0,0,0,0,0,1,0,0,0,0,0,0,0,0,0,0,1
2024-09-30,36.58,25.04,8.95,46.25,469.75,,0,0,0,0,0,1,0,0,0,0,0,0,0,0,0,0,1
2024-10-01,36.12,24.67,10.15,39.21,447.79,,0,0,0,0,0,1,0,0,0,0,0,0,0,0,0,0,1
2024-10-02,32.93,22.34,7.6,44.12,429.38,,0,0,0,0,0,1,0,0,0,0,0,0,0,0,0,0,1
2024-10-03,31.46,21.53,8.6,39.12,454.79,,0,0,0,0,0,1,0,0,0,0,0,0,0,0,0,0,1
2024-10-04,50.38,34.66,10.05,70.62,578.58,,0,0,0,0,0,1,0,0,0,0,0,0,0,0,0,0,1
2024-10-05,56.42,37.6,9.6,91.21,591.71,,0,0,0,0,0,1,0,0,0,0,0,0,0,0,0,0,1
2024-10-06,53.91,36.89,6.1,73.58,559.42,,0,0,0,0,0,1,0,0,0,0,0,0,0,0,0,0,1
2024-10-07,48.73,33.42,7.9,82.75,561.96,,0,0,0,0,0,1,0,0,0,0,0,0,0,0,0,0,1
2024-10-08,50.32,34.44,7.05,66.08,603.96,,0,0,0,0,0,1,0,0,0,0,0,0,0,0,0,0,1
2024-10-09,36.46,24.32,9.15,39.25,485.54,,0,0,0,0,0,1,0,0,0,0,0,0,0,0,0,0,1
2024-10-10,37.64,24.62,10.1,43.83,511.83,,0,0,0,0,0,1,0,0,0,0,0,0,0,0,0,0,1
2024-10-11,49.11,32.67,8.7,44.62,604.92,,0,0,0,0,0,1,0,0,0,0,0,0,0,0,0,0,1
2024-10-12,44.06,29.94,6.9,35.62,667.92,,0,0,0,0,0,1,0,0,0,0,0,0,0,0,0,0,1
2024-10-13,39.78,27.26,9.9,74.42,514.71,,0,0,0,0,0,1,0,0,0,0,0,0,0,0,0,0,1
2024-10-14,59.68,40.65,7.25,69.46,613.46,,0,0,0,0,0,1,0,0,0,0,0,0,0,0,0,0,1
2024-10-15,37.77,25.55,5.95,50.88,497.79,,0,0,0,0,0,1,0,0,0,0,0,0,0,0,0,0,1
2024-10-16,29.88,20.6,5.8,31.62,483.42,,0,0,0,0,0,1,0,0,0,0,0,0,0,0,0,0,1
2024-10-17,29.35,20.2,6.8,34.17,494.71,,0,0,0,0,0,1,0,0,0,0,0,0,0,0,0,0,1
2024-10-18,25.42,17.72,6.1,29.08,425.79,,0,0,0,0,0,1,0,0,0,0,0,0,0,0,0,0,1
2024-10-19,28.91,19.92,5.85,26.58,486.38,,0,0,0,0,0,1,0,0,0,0,0,0,0,0,0,0,1
2024-10-20,43.93,30.31,8.15,38.33,506.88,,0,0,0,0,0,1,0,0,0,0,0,0,0,0,0,0,1
2024-10-21,34.52,23.94,8.0,49.54,509.04,,0,0,0,0,0,1,0,0,0,0,0,0,0,0,0,0,1
2024-10-22,29.3,20.26,9.3,45.62,433.38,,0,0,0,0,0,1,0,0,0,0,0,0,0,0,0,0,1
2024-10-23,46.58,32.0,2.4,31.38,718.12,,0,0,0,0,0,1,0,0,0,0,0,0,0,0,0,0,1
2024-10-24,42.33,28.79,8.75,73.88,715.17,,0,0,0,0,0,1,0,0,0,0,0,0,0,0,0,0,1
2024-10-25,43.0,29.49,9.2,62.12,706.83,,0,0,0,0,0,1,0,0,0,0,0,0,0,0,0,0,1
2024-10-26,48.53,33.35,6.6,60.08,707.5,457.42,0,0,0,0,0,0,0,0,0,0,0,0,0,0,0,0,0
2024-10-27,30.36,20.46,4.85,43.04,839.0,454.58,0,0,0,0,0,0,0,0,0,0,0,0,0,0,0,0,0
2024-10-28,22.14,15.3,3.5,32.38,641.0,449.62,0,0,0,0,0,0,0,0,0,0,0,0,0,0,0,0,0
2024-10-29,48.09,33.57,6.35,47.96,693.38,454.71,0,0,0,0,0,0,0,0,0,0,0,0,0,0,0,0,0
2024-10-30,31.42,21.9,8.85,71.54,828.54,458.54,0,0,0,0,0,0,0,0,0,0,0,0,0,0,0,0,0
2024-10-31,36.16,25.28,8.55,66.54,751.25,460.17,0,0,0,0,0,0,0,0,0,0,0,0,0,0,0,0,0
2024-11-01,44.24,30.82,8.2,90.21,910.58,457.5,0,0,0,0,0,0,0,0,0,0,0,0,0,0,0,0,0
2024-11-02,32.11,21.62,7.05,54.67,920.96,463.75,0,0,0,0,0,0,0,0,0,0,0,0,0,0,0,0,0
2024-11-03,50.58,34.95,8.55,69.92,1018.46,467.29,0,0,0,0,0,0,0,0,0,0,0,0,0,0,0,0,0
2024-11-04,36.05,24.5,8.15,44.21,1192.71,470.5,0,0,0,0,0,0,0,0,0,0,0,0,0,0,0,0,0
2024-11-05,44.93,30.41,8.6,50.54,1401.25,469.96,0,0,0,0,0,0,0,0,0,0,0,0,0,0,0,0,0
2024-11-06,62.54,42.74,8.3,82.12,823.38,462.42,0,0,0,0,0,0,0,0,0,0,0,0,0,0,0,0,0
2024-11-07,41.18,27.75,8.7,47.79,975.25,467.29,0,0,0,0,0,0,0,0,0,0,0,0,0,0,0,0,0
2024-11-08,48.8,32.85,4.8,33.67,1579.62,489.75,0,0,0,0,0,0,0,0,0,0,0,0,0,0,0,0,0
2024-11-09,50.75,33.68,8.0,54.62,1434.29,486.71,0,0,0,0,0,0,0,0,0,0,0,0,0,0,0,0,0
2024-11-10,52.93,33.67,7.45,82.88,1917.54,492.92,0,0,0,0,0,0,0,0,0,0,0,0,0,0,0,0,0
2024-11-11,43.45,28.58,7.9,79.75,861.79,465.71,0,0,0,0,0,0,0,0,0,0,0,0,0,0,0,0,0
2024-11-12,45.82,37.53,4.6,73.5,992.25,456.04,0,0,0,0,0,0,0,0,0,0,0,0,0,0,0,0,0
2024-11-13,26.89,26.2,5.7,70.67,1016.46,459.71,0,0,0,0,0,0,0,0,0,0,0,0,0,0,0,0,0
2024-11-14,15.56,14.32,8.1,58.42,679.12,454.5,0,0,0,0,0,0,0,0,0,0,0,0,0,0,0,0,0
2024-11-15,27.44,25.48,6.25,63.12,841.88,457.08,0,0,0,0,0,0,0,0,0,0,0,0,0,0,0,0,0
2024-11-16,20.46,18.66,7.25,63.29,757.92,456.88,0,0,0,0,0,0,0,0,0,0,0,0,0,0,0,0,0
2024-11-17,25.83,24.98,7.45,63.54,885.88,467.38,0,0,0,0,0,0,0,0,0,0,0,0,0,0,0,0,0
2024-11-18,31.62,30.02,8.15,63.12,943.42,471.38,0,0,0,0,0,0,0,0,0,0,0,0,0,0,0,0,0
2024-11-19,41.3,38.85,6.85,44.54,1004.75,471.25,0,0,0,0,0,0,0,0,0,0,0,0,0,0,0,0,0
2024-11-20,37.31,35.53,7.15,49.42,920.29,463.38,0,0,0,0,0,0,0,0,0,0,0,0,0,0,0,0,0
2024-11-21,35.74,34.68,8.85,46.5,1063.58,466.75,0,0,0,0,0,0,0,0,0,0,0,0,0,0,0,0,0
2024-11-22,33.74,31.74,8.15,38.33,967.96,463.38,0,0,0,0,0,0,0,0,0,0,0,0,0,0,0,0,0
2024-11-23,54.94,51.91,7.0,45.17,1203.92,464.58,0,0,0,0,0,0,0,0,0,0,0,0,0,0,0,0,0
2024-11-24,30.88,29.07,7.05,39.54,1391.17,469.88,0,0,0,0,0,0,0,0,0,0,0,0,0,0,0,0,0
2024-11-25,40.79,38.06,7.75,39.88,980.88,466.33,0,0,0,0,0,0,0,0,0,0,0,0,0,0,0,0,0
2024-11-26,29.03,27.52,7.6,44.79,1160.46,474.54,0,0,0,0,0,0,0,0,0,0,0,0,0,0,0,0,0
2024-11-27,32.34,30.27,7.2,46.25,809.25,460.33,0,0,0,0,0,0,0,0,0,0,0,0,0,0,0,0,0
2024-11-28,15.69,14.86,7.65,72.92,710.67,454.29,0,0,0,0,0,0,0,0,0,0,0,0,0,0,0,0,0
2024-11-29,27.74,26.71,6.95,51.92,780.92,458.62,0,0,0,0,0,0,0,0,0,0,0,0,0,0,0,0,0
2024-11-30,37.82,35.64,7.4,52.75,868.12,467.33,0,0,0,0,0,0,0,0,0,0,0,0,0,0,0,0,0
2024-12-01,40.55,39.15,6.95,84.33,996.96,471.21,0,0,0,0,0,0,0,0,0,0,0,0,0,0,0,0,0
2024-12-02,38.33,35.83,6.25,42.88,1251.96,471.5,0,0,0,0,0,0,0,0,0,0,0,0,0,0,0,0,0
2024-12-03,45.7,44.15,3.65,26.62,1208.92,474.67,0,0,0,0,0,0,0,0,0,0,0,0,0,0,0,0,0
2024-12-04,50.62,49.32,4.7,48.83,1190.62,469.71,0,0,0,0,0,0,0,0,0,0,0,0,0,0,0,0,0
2024-12-05,34.47,33.57,6.1,37.75,1091.29,466.67,0,0,0,0,0,0,0,0,0,0,0,0,0,0,0,0,0
2024-12-06,22.93,21.42,7.0,50.04,1018.58,463.83,0,0,0,0,0,0,0,0,0,0,0,0,0,0,0,0,0
2024-12-07,31.19,30.21,6.7,37.33,1548.46,479.5,0,0,0,0,0,0,0,0,0,0,0,0,0,0,0,0,0
2024-12-08,22.24,21.65,7.4,56.58,1046.83,461.08,0,0,0,0,0,0,0,0,0,0,0,0,0,0,0,0,0
2024-12-09,32.38,31.41,4.65,38.71,660.46,457.38,0,0,0,0,0,0,0,0,0,0,0,0,0,0,0,0,0
2024-12-10,16.05,15.65,5.95,42.96,534.42,451.83,0,0,0,0,0,0,0,0,0,0,0,0,0,0,0,0,0
2024-12-11,16.8,16.21,3.05,26.17,852.0,460.62,0,0,0,0,0,0,0,0,0,0,0,0,0,0,0,0,0
2024-12-12,19.53,18.61,5.85,34.08,919.62,460.33,0,0,0,0,0,0,0,0,0,0,0,0,0,0,0,0,0
2024-12-13,16.18,15.21,6.9,48.21,1146.96,466.12,0,0,0,0,0,0,0,0,0,0,0,0,0,0,0,0,0
2024-12-14,19.18,18.12,4.2,35.12,1793.58,483.29,0,0,0,0,0,0,0,0,0,0,0,0,0,0,0,0,0
2024-12-15,19.36,18.61,3.2,42.12,935.71,467.5,0,0,0,0,0,0,0,0,0,0,0,0,0,0,0,0,0
2024-12-16,24.64,24.22,4.9,43.12,777.38,459.88,0,0,0,0,0,0,0,0,0,0,0,0,0,0,0,0,0
2024-12-17,51.71,49.85,7.7,61.96,1247.0,466.54,0,0,0,0,0,0,0,0,0,0,0,0,0,0,0,0,0
2024-12-18,41.35,40.52,7.75,58.38,845.0,456.96,0,0,0,0,0,0,0,0,0,0,0,0,0,0,0,0,0
2024-12-19,30.48,29.07,8.4,56.46,681.17,454.79,0,0,0,0,0,0,0,0,0,0,0,0,0,0,0,0,0
2024-12-20,39.55,37.53,5.8,56.21,1289.92,470.92,0,0,0,0,0,0,0,0,0,0,0,0,0,0,0,0,0
2024-12-21,48.03,46.24,5.55,55.38,1122.75,468.42,0,0,0,0,0,0,0,0,0,0,0,0,0,0,0,0,0
2024-12-22,42.26,41.6,5.35,40.92,681.42,459.33,0,0,0,0,0,0,0,0,0,0,0,0,0,0,0,0,0
2024-12-23,19.43,19.17,8.8,62.75,651.58,457.21,0,0,0,0,0,0,0,0,0,0,0,0,0,0,0,0,0
2024-12-24,10.38,10.32,5.4,63.0,586.75,454.08,0,0,0,0,0,0,0,0,0,0,0,0,0,0,0,0,0
2024-12-25,17.73,17.62,8.75,47.79,566.33,456.21,0,0,0,0,0,0,0,0,0,0,0,0,0,0,0,0,0
2024-12-26,19.9,18.88,6.5,42.58,1012.71,469.0,0,0,0,0,0,0,0,0,0,0,0,0,0,0,0,0,0
2024-12-27,26.64,25.11,7.6,38.25,1084.42,472.54,0,0,0,0,0,0,0,0,0,0,0,0,0,0,0,0,0
2024-12-28,36.57,35.31,7.05,39.46,967.29,468.29,0,0,0,0,0,0,0,0,0,0,0,0,0,0,0,0,0
2024-12-29,36.42,35.28,8.45,52.83,758.83,462.75,0,0,0,0,0,0,0,0,0,0,0,0,0,0,0,0,0
2024-12-30,55.94,54.4,7.8,65.79,1246.0,477.75,0,0,0,0,0,0,0,0,0,0,0,0,0,0,0,0,0
2024-12-31,28.85,28.26,5.95,40.21,611.17,455.5,0,0,0,0,0,0,0,0,0,0,0,0,0,0,0,0,0
