date,pm2_5_mean,wind_speed_mean,precip_total,temp_mean
2024-05-28,28.44,9.8,39.1,29.9
2024-06-23,18.46,20.9,14.5,27.6
2024-07-13,16.25,16.7,29.4,28.0
2024-07-14,13.85,18.1,12.2,26.8
2024-07-17,15.24,19.0,14.4,26.4
2024-09-06,11.76,20.1,10.9,28.2
2024-09-07,13.08,20.8,12.4,28.9
2024-09-08,19.91,16.4,26.4,28.8
2024-09-14,11.33,15.5,20.6,28.0
2024-09-18,17.14,8.5,25.4,25.5
2024-09-21,13.51,15.2,17.3,26.1
2024-10-28,15.3,9.2,44.3,25.2
2024-11-23,51.91,5.7,0.3,28.2
2024-12-04,49.32,7.8,8.9,26.5
2024-12-15,18.61,5.1,15.0,25.6
2024-12-21,46.24,5.9,0.0,26.0
2024-12-22,41.6,8.7,0.0,24.3
2024-12-30,54.4,8.4,0.0,26.7
