date,temp_mean,precip_total,is_rainy_day,wind_speed_mean,wind_direction,pressure_mean,pm2_5_mean,pm2_5_exceed,pm10_mean,pm10_exceed,uv_max,ozone_mean,co_mean
2024-01-01,28.2,0.0,0,6.2,,1011.3,39.5,1,59.04,1,7.65,58.92,692.62
2024-01-02,28.6,0.0,0,6.3,,1010.9,39.01,1,58.75,1,6.15,66.0,585.96
2024-01-03,28.6,0.0,0,7.1,,1010.9,29.48,1,44.8,0,7.3,60.96,533.12
2024-01-04,28.2,0.0,0,6.8,,1011.4,27.4,1,42.05,0,8.35,78.38,490.0
2024-01-05,27.7,0.0,0,5.1,,1012.2,28.22,1,43.02,0,7.5,65.92,563.21
2024-01-06,28.7,0.3,0,6.1,,1011.7,35.84,1,54.5,1,8.0,74.75,629.67
2024-01-07,28.8,0.0,0,6.9,,1012.2,23.18,0,36.47,0,8.3,74.92,438.92
2024-01-08,28.6,0.0,0,5.0,,1012.1,28.14,1,43.51,0,5.65,53.88,554.46
2024-01-09,28.8,0.0,0,7.3,,1011.2,24.2,0,38.19,0,8.45,70.67,393.04
2024-01-10,29.3,0.0,0,9.0,,1010.6,23.62,0,36.44,0,6.8,67.29,378.17
2024-01-11,28.5,0.0,0,7.9,,1011.1,23.9,0,36.5,0,7.7,81.62,421.21
2024-01-12,27.5,0.0,0,7.9,,1011.1,27.16,1,42.26,0,7.7,84.54,502.54
2024-01-13,27.1,0.0,0,5.1,,1011.3,30.44,1,46.81,1,7.8,79.83,562.92
2024-01-14,27.3,0.0,0,5.3,,1012.0,40.15,1,60.23,1,8.5,82.71,720.21
2024-01-15,27.8,0.0,0,6.8,,1011.5,32.65,1,48.66,1,9.3,69.21,687.96
2024-01-16,28.2,0.0,0,6.3,,1011.3,27.61,1,42.4,0,9.9,70.04,554.62
2024-01-17,29.0,0.0,0,6.7,,1011.2,19.15,0,29.63,0,10.05,66.92,425.92
2024-01-18,29.0,0.0,0,6.7,,1010.8,20.03,0,31.01,0,8.55,79.42,392.25
2024-01-19,28.6,0.0,0,7.5,,1010.7,21.7,0,33.16,0,8.95,80.96,394.25
2024-01-20,27.9,0.0,0,8.5,,1011.4,23.25,0,36.05,0,8.05,78.42,348.5
2024-01-21,28.0,0.0,0,9.2,,1012.5,21.29,0,33.19,0,7.05,77.46,324.29
2024-01-22,29.3,0.0,0,10.9,,1012.6,14.98,0,22.77,0,10.6,67.25,320.21
2024-01-23,28.8,0.0,0,8.3,,1013.3,18.15,0,28.08,0,10.25,65.08,410.08
2024-01-24,28.7,0.0,0,8.9,,1013.8,14.99,0,22.62,0,10.7,64.83,484.58
2024-01-25,29.1,0.0,0,8.3,,1015.3,19.0,0,28.46,0,11.05,70.29,574.04
2024-01-26,28.9,0.0,0,8.0,,1016.2,23.11,0,35.35,0,11.1,77.17,561.67
2024-01-27,28.6,0.0,0,9.0,,1015.3,23.2,0,35.19,0,10.45,92.12,509.29
2024-01-28,28.9,0.0,0,10.0,,1015.4,19.97,0,31.0,0,10.8,81.88,495.33
2024-01-29,29.0,0.0,0,8.2,,1014.8,14.57,0,22.55,0,10.95,73.38,417.75
2024-01-30,29.2,0.0,0,11.2,,1014.2,13.63,0,21.77,0,11.0,74.88,350.08
2024-01-31,29.1,0.0,0,11.3,,1013.9,14.99,0,23.64,0,9.7,76.96,356.79
2024-02-01,28.8,0.0,0,9.9,,1014.2,16.29,0,25.69,0,9.35,74.46,365.42
2024-02-02,28.1,0.0,0,12.4,,1013.5,15.68,0,24.8,0,8.2,73.21,328.12
2024-02-03,28.6,0.0,0,12.1,,1013.5,15.02,0,23.58,0,8.85,74.62,309.25
2024-02-04,28.9,0.0,0,9.4,,1013.8,19.25,0,30.63,0,10.8,70.42,328.0
2024-02-05,28.5,0.0,0,9.0,,1013.8,16.66,0,26.05,0,8.3,72.0,292.92
2024-02-06,29.0,0.0,0,11.8,,1014.0,14.52,0,22.69,0,12.05,61.92,245.71
2024-02-07,28.7,0.0,0,10.7,,1012.8,22.64,0,36.32,0,8.65,60.04,289.88
2024-02-08,28.1,0.0,0,10.9,,1012.2,17.02,0,27.83,0,8.75,56.29,286.21
2024-02-09,29.4,0.0,0,13.8,,1013.2,17.44,0,27.42,0,10.0,56.67,332.5
2024-02-10,29.2,0.0,0,8.5,,1014.7,18.99,0,29.05,0,11.4,74.12,433.79
2024-02-11,29.1,0.0,0,9.3,,1016.2,16.35,0,24.17,0,10.5,68.83,601.92
2024-02-12,28.4,0.0,0,8.3,,1015.6,18.5,0,27.81,0,11.7,75.58,581.58
2024-02-13,29.5,0.0,0,10.8,,1014.0,12.16,0,18.87,0,12.05,76.5,373.5
2024-02-14,30.5,0.0,0,12.3,,1012.9,10.5,0,16.41,0,11.95,71.25,321.17
2024-02-15,30.8,0.0,0,13.7,,1012.9,10.12,0,15.94,0,11.15,71.33,290.33
2024-02-16,30.1,0.0,0,12.3,,1012.7,11.08,0,17.3,0,12.05,70.42,293.58
2024-02-17,29.5,0.0,0,12.7,,1011.9,11.58,0,18.39,0,11.85,68.08,255.42
2024-02-18,29.2,0.0,0,12.2,,1012.1,11.85,0,19.22,0,12.5,67.12,251.08
2024-02-19,29.2,0.0,0,14.1,,1012.2,12.86,0,21.21,0,10.95,63.67,246.08
2024-02-20,28.9,0.0,0,12.2,,1012.0,11.24,0,17.74,0,11.0,55.38,252.71
2024-02-21,28.7,0.0,0,12.6,,1011.5,10.65,0,17.06,0,9.4,55.25,243.29
2024-02-22,29.3,0.0,0,13.5,,1012.4,10.54,0,16.55,0,12.7,55.83,226.38
2024-02-23,29.5,0.0,0,14.0,,1012.6,11.62,0,18.24,0,10.1,57.96,229.88
2024-02-24,30.1,0.2,0,15.8,,1012.4,13.87,0,22.41,0,10.85,66.21,270.62
2024-02-25,29.8,0.0,0,10.3,,1011.5,14.4,0,22.94,0,10.15,74.92,293.38
2024-02-26,30.4,0.0,0,11.2,,1011.8,13.49,0,21.15,0,12.75,58.79,334.96
2024-02-27,30.1,1.2,1,13.1,,1011.2,11.74,0,18.13,0,11.5,59.0,279.5
2024-02-28,30.0,0.0,0,13.3,,1010.2,10.1,0,16.25,0,11.45,68.21,231.75
2024-02-29,30.1,0.0,0,14.4,,1010.6,11.7,0,19.1,0,13.4,74.0,247.79
2024-03-01,30.0,0.0,0,13.0,,1011.2,13.25,0,21.51,0,11.85,75.58,303.88
2024-03-02,29.9,0.0,0,10.4,,1011.1,16.67,0,26.82,0,11.65,72.25,360.67
2024-03-03,29.4,0.0,0,10.7,,1010.9,13.46,0,22.38,0,11.65,84.79,346.58
2024-03-04,29.3,0.0,0,15.5,,1010.5,17.43,0,29.56,0,10.65,75.21,308.42
2024-03-05,29.0,0.0,0,9.4,,1010.0,23.62,0,37.4,0,6.4,66.67,347.62
2024-03-06,29.2,0.0,0,9.9,,1008.8,30.81,1,47.62,1,8.25,82.67,368.46
2024-03-07,29.5,0.0,0,12.0,,1008.8,26.02,1,41.72,0,8.3,89.33,289.75
2024-03-08,30.3,0.0,0,18.4,,1010.2,13.0,0,21.13,0,12.9,64.12,242.5
2024-03-09,30.0,0.0,0,12.1,,1010.7,22.72,0,36.33,0,10.05,77.96,317.46
2024-03-10,30.1,0.0,0,16.3,,1012.4,16.72,0,26.93,0,10.1,75.58,276.17
2024-03-11,30.5,0.0,0,12.9,,1012.8,14.29,0,22.5,0,13.45,72.0,358.42
2024-03-12,30.8,0.0,0,11.5,,1012.5,15.98,0,25.75,0,12.55,73.54,373.17
2024-03-13,30.1,0.0,0,12.1,,1012.3,18.18,0,28.96,0,8.15,77.38,366.04
2024-03-14,29.8,0.0,0,13.7,,1011.9,15.65,0,25.8,0,10.2,75.67,300.33
2024-03-15,29.4,0.0,0,16.1,,1011.9,17.31,0,28.15,0,12.65,66.17,263.79
2024-03-16,30.0,0.0,0,13.9,,1012.4,15.36,0,25.15,0,12.55,67.79,268.58
2024-03-17,30.3,0.0,0,12.9,,1012.0,15.38,0,25.1,0,10.2,61.29,277.25
2024-03-18,29.9,0.0,0,14.5,,1010.6,13.42,0,21.85,0,12.5,68.0,249.62
2024-03-19,29.9,0.0,0,16.6,,1011.6,14.03,0,22.82,0,13.5,71.92,298.17
2024-03-20,30.0,0.0,0,11.1,,1012.4,18.85,0,29.88,0,11.0,72.88,414.58
2024-03-21,30.0,0.6,0,10.2,,1011.1,15.23,0,24.98,0,11.25,88.79,359.46
2024-03-22,30.0,0.0,0,15.2,,1009.0,12.39,0,20.62,0,11.9,78.88,275.88
2024-03-23,29.6,0.5,0,15.3,,1010.0,11.28,0,18.68,0,11.45,65.79,276.58
2024-03-24,29.9,0.0,0,15.2,,1011.2,12.3,0,19.43,0,12.6,62.12,284.92
2024-03-25,30.0,0.2,0,13.8,,1011.1,10.43,0,16.82,0,13.55,65.12,245.71
2024-03-26,31.2,0.0,0,17.2,,1011.9,11.38,0,18.62,0,13.9,64.75,228.83
2024-03-27,31.0,0.1,0,12.7,,1012.7,13.99,0,23.32,0,11.05,66.38,258.29
2024-03-28,30.2,0.1,0,13.3,,1011.6,17.16,0,27.97,0,11.9,55.46,270.42
2024-03-29,30.2,0.0,0,12.9,,1011.3,18.13,0,29.94,0,11.35,51.58,247.21
2024-03-30,31.0,0.0,0,14.2,,1012.3,15.9,0,25.1,0,11.8,47.33,249.25
2024-03-31,31.0,0.0,0,10.7,,1011.7,18.15,0,28.89,0,12.25,47.88,263.79
2024-04-01,31.0,0.2,0,10.0,,1009.7,19.43,0,31.2,0,9.95,70.33,272.5
2024-04-02,30.9,0.2,0,12.8,,1009.0,16.96,0,28.02,0,10.25,60.12,255.17
2024-04-03,31.0,0.0,0,12.4,,1009.4,11.97,0,19.62,0,10.95,47.42,231.21
2024-04-04,31.1,0.0,0,11.4,,1008.7,11.76,0,19.34,0,9.1,55.54,232.58
2024-04-05,30.9,0.2,0,13.9,,1008.4,12.4,0,20.84,0,8.5,63.12,217.21
2024-04-06,30.7,0.0,0,14.6,,1009.0,9.8,0,16.33,0,13.25,59.38,205.96
2024-04-07,30.8,0.0,0,12.9,,1008.4,11.47,0,19.28,0,12.35,53.17,217.96
2024-04-08,31.0,0.0,0,12.6,,1009.0,11.62,0,19.13,0,9.75,54.0,223.58
2024-04-09,31.7,0.0,0,15.9,,1009.3,9.55,0,15.37,0,12.6,58.75,186.12
2024-04-10,31.9,0.4,0,14.5,,1010.5,17.84,0,30.13,0,11.9,64.88,195.5
2024-04-11,32.1,0.7,0,14.3,,1009.8,13.84,0,23.48,0,11.95,64.62,192.0
2024-04-12,32.0,0.0,0,13.4,,1009.4,17.78,0,29.64,0,10.4,76.58,251.29
2024-04-13,31.2,0.0,0,16.3,,1009.5,15.65,0,26.75,0,9.5,66.08,218.54
2024-04-14,30.8,0.0,0,14.5,,1010.4,14.88,0,25.62,0,9.9,59.92,210.42
2024-04-15,31.2,0.0,0,13.9,,1010.8,10.43,0,17.28,0,11.15,53.33,200.58
2024-04-16,31.7,0.0,0,16.1,,1009.3,10.08,0,16.65,0,13.3,58.42,206.75
2024-04-17,31.4,0.1,0,13.8,,1009.0,13.25,0,22.23,0,10.75,51.96,260.62
2024-04-18,31.4,0.0,0,10.6,,1008.1,15.12,0,24.43,0,9.9,59.54,268.67
2024-04-19,31.4,0.0,0,12.6,,1007.0,12.18,0,20.3,0,11.7,55.96,250.38
2024-04-20,31.1,0.0,0,13.5,,1007.2,9.2,0,14.82,0,11.0,51.21,234.67
2024-04-21,31.8,0.0,0,12.0,,1007.9,9.72,0,15.08,0,11.15,52.42,240.17
2024-04-22,31.5,0.0,0,12.4,,1007.8,10.48,0,17.11,0,10.5,53.12,245.75
2024-04-23,31.8,0.0,0,11.9,,1007.3,10.09,0,15.63,0,10.8,52.04,259.17
2024-04-24,31.9,1.5,1,12.8,,1007.2,9.19,0,14.52,0,10.1,49.21,248.71
2024-04-25,32.5,2.8,1,13.0,,1007.2,10.22,0,16.4,0,11.8,44.21,232.04
2024-04-26,32.6,0.8,0,12.9,,1007.0,10.54,0,16.81,0,10.8,36.96,234.58
2024-04-27,32.7,0.0,0,12.5,,1006.7,9.4,0,14.8,0,11.8,42.42,210.12
2024-04-28,33.0,0.7,0,12.6,,1008.0,11.12,0,17.4,0,10.85,38.88,242.38
2024-04-29,33.0,0.0,0,10.9,,1008.3,15.25,0,23.94,0,10.5,36.29,277.5
2024-04-30,32.5,0.0,0,12.7,,1006.4,12.57,0,19.96,0,9.75,43.46,226.71
2024-05-01,32.9,0.0,0,12.5,,1005.7,13.0,0,20.75,0,10.55,45.33,217.75
2024-05-02,32.9,0.9,0,13.5,,1006.8,10.6,0,17.4,0,11.5,51.67,211.75
2024-05-03,32.8,0.0,0,13.3,,1007.6,9.11,0,14.35,0,10.4,49.12,217.42
2024-05-04,32.0,4.8,1,9.9,,1007.6,14.07,0,21.27,0,10.1,43.38,284.29
2024-05-05,29.9,7.9,1,7.4,,1007.6,19.9,0,29.84,0,7.8,39.71,425.38
2024-05-06,31.4,0.0,0,11.4,,1008.5,13.11,0,21.22,0,9.55,53.29,263.5
2024-05-07,30.9,13.9,1,11.7,,1009.7,17.1,0,26.29,0,11.5,45.04,364.46
2024-05-08,31.0,0.5,0,11.1,,1009.0,16.21,0,25.46,0,10.1,60.46,279.67
2024-05-09,31.7,4.2,1,15.4,,1008.7,20.69,0,33.64,0,10.4,55.38,365.42
2024-05-10,32.1,2.0,1,14.0,,1009.0,14.12,0,24.07,0,10.1,64.79,236.79
2024-05-11,32.3,10.8,1,12.7,,1010.0,15.31,0,24.89,0,9.85,51.92,275.92
2024-05-12,32.4,4.6,1,12.9,,1009.4,14.38,0,22.68,0,8.3,49.54,289.88
2024-05-13,32.3,5.2,1,13.2,,1008.5,18.27,0,28.56,0,10.1,46.92,384.38
2024-05-14,31.2,0.9,0,9.0,,1008.8,18.94,0,29.71,0,9.5,61.46,315.17
2024-05-15,30.8,10.9,1,13.4,,1009.4,14.09,0,21.71,0,8.7,46.21,297.83
2024-05-16,29.1,4.5,1,8.4,,1009.0,13.72,0,21.43,0,8.3,46.29,285.5
2024-05-17,30.7,9.6,1,9.0,,1008.6,15.12,0,23.44,0,9.65,36.75,345.21
2024-05-18,31.0,0.8,0,6.9,,1006.9,16.82,0,26.4,0,9.35,41.62,307.42
2024-05-19,31.0,7.1,1,9.3,,1005.8,19.68,0,29.17,0,6.6,44.38,386.17
2024-05-20,30.4,6.3,1,11.1,,1005.9,24.28,0,35.64,0,8.15,61.38,346.29
2024-05-21,28.7,17.8,1,9.4,,1007.3,32.41,1,47.24,1,9.35,57.88,435.92
2024-05-22,29.9,5.7,1,7.1,,1007.5,37.35,1,54.65,1,9.35,72.25,456.04
2024-05-23,29.3,13.6,1,6.1,,1007.6,36.35,1,53.47,1,5.65,42.5,659.92
2024-05-24,31.1,0.0,0,5.3,,1007.5,23.67,0,35.96,0,9.0,53.54,396.29
2024-05-25,32.5,2.6,1,10.9,,1008.0,16.65,0,26.65,0,9.95,49.83,322.08
2024-05-26,30.5,2.6,1,7.5,,1008.8,21.17,0,31.62,0,9.8,51.0,369.96
2024-05-27,31.8,1.9,1,11.8,,1007.1,33.35,1,49.06,1,8.85,56.67,472.25
2024-05-28,29.9,39.1,1,9.8,,1007.3,28.44,1,41.68,0,9.55,48.12,555.58
2024-05-29,30.7,7.6,1,11.3,,1006.7,27.59,1,40.55,0,10.4,46.33,460.79
2024-05-30,29.5,19.6,1,11.5,,1007.1,25.31,1,37.02,0,9.1,42.08,468.08
2024-05-31,28.2,8.4,1,10.5,,1008.4,27.11,1,39.78,0,9.65,42.29,458.79
2024-06-01,29.7,11.4,1,6.9,,1010.2,37.81,1,55.18,1,9.15,57.62,499.46
2024-06-02,30.2,0.0,0,7.8,,1010.4,38.25,1,55.39,1,8.9,57.42,633.21
2024-06-03,31.6,0.0,0,9.8,,1008.9,37.86,1,55.64,1,9.7,64.25,592.33
2024-06-04,32.3,0.0,0,8.9,,1008.3,38.68,1,57.54,1,9.65,70.04,577.46
2024-06-05,30.9,0.7,0,13.0,,1009.2,35.08,1,52.48,1,7.65,47.08,548.54
2024-06-06,31.5,7.5,1,8.6,,1009.4,35.84,1,53.76,1,9.5,51.42,711.62
2024-06-07,28.5,1.7,1,9.8,,1008.3,39.68,1,58.55,1,8.25,46.21,800.92
2024-06-08,29.3,11.1,1,7.3,,1007.1,32.95,1,48.81,1,6.1,52.42,526.29
2024-06-09,29.5,5.0,1,14.1,,1007.4,23.18,0,34.71,0,6.75,40.71,411.12
2024-06-10,29.7,6.3,1,16.0,,1009.3,28.91,1,42.51,0,8.15,37.71,537.46
2024-06-11,30.8,1.5,1,12.3,,1010.2,26.29,1,39.96,0,9.65,51.5,466.88
2024-06-12,30.7,3.6,1,13.5,,1010.4,22.71,0,33.23,0,9.9,49.12,403.92
2024-06-13,31.5,0.2,0,12.2,,1008.4,24.33,0,35.63,0,9.25,50.17,441.46
2024-06-14,30.2,7.1,1,9.7,,1006.5,29.86,1,44.63,0,9.1,61.21,503.17
2024-06-15,30.6,8.5,1,7.1,,1006.2,26.03,1,37.88,0,9.6,68.79,384.46
2024-06-16,29.1,6.3,1,8.4,,1007.7,24.6,0,35.84,0,11.3,55.25,376.5
2024-06-17,29.9,3.2,1,9.9,,1007.9,18.73,0,27.13,0,10.45,45.75,335.0
2024-06-18,30.4,8.8,1,13.6,,1007.2,19.85,0,28.68,0,10.1,46.58,363.42
2024-06-19,30.5,9.1,1,16.8,,1006.0,19.59,0,28.68,0,9.45,39.08,368.54
2024-06-20,29.5,13.7,1,15.3,,1005.5,23.92,0,34.44,0,7.75,36.58,449.96
2024-06-21,26.8,13.6,1,9.2,,1005.2,18.28,0,26.74,0,8.7,41.21,348.29
2024-06-22,28.0,12.8,1,17.3,,1005.5,11.2,0,16.23,0,5.45,28.33,267.38
2024-06-23,27.6,14.5,1,20.9,,1007.1,18.46,0,26.81,0,8.1,35.88,388.38
2024-06-24,27.6,12.4,1,13.9,,1007.5,22.11,0,32.64,0,6.85,40.92,388.25
2024-06-25,28.5,5.5,1,15.3,,1007.6,28.16,1,41.63,0,8.8,52.75,457.92
2024-06-26,28.7,0.9,0,9.1,,1007.5,27.38,1,39.77,0,9.05,46.21,490.67
2024-06-27,28.0,24.2,1,9.4,,1008.7,27.18,1,39.3,0,10.05,50.83,446.04
2024-06-28,29.0,7.2,1,9.5,,1008.5,17.68,0,26.82,0,7.25,46.08,366.54
2024-06-29,30.0,4.7,1,12.1,,1009.2,16.13,0,25.97,0,9.3,43.54,280.12
2024-06-30,30.4,2.2,1,12.0,,1009.6,25.5,1,38.5,0,9.8,39.83,412.0
2024-07-01,29.8,1.5,1,14.3,,1008.2,24.08,0,34.73,0,9.15,47.71,525.29
2024-07-02,29.4,22.9,1,8.7,,1006.5,30.43,1,43.75,0,9.25,59.54,484.25
2024-07-03,28.0,15.9,1,9.5,,1008.3,32.03,1,46.21,1,7.05,50.33,490.33
2024-07-04,27.4,8.7,1,9.2,,1010.0,35.22,1,50.92,1,7.6,41.21,584.17
2024-07-05,28.9,3.7,1,11.3,,1007.9,30.48,1,44.62,0,9.65,61.46,491.12
2024-07-06,30.0,3.9,1,9.2,,1006.1,26.15,1,38.2,0,9.55,68.71,394.5
2024-07-07,29.7,10.4,1,11.7,,1006.8,21.61,0,31.36,0,8.75,39.0,349.33
2024-07-08,29.0,7.8,1,8.8,,1007.2,31.31,1,45.35,1,7.55,41.33,457.54
2024-07-09,29.4,9.3,1,9.8,,1008.3,29.1,1,43.08,0,7.5,45.0,481.17
2024-07-10,28.0,12.8,1,11.1,,1009.9,27.3,1,40.58,0,9.3,45.58,536.12
2024-07-11,27.3,25.0,1,13.7,,1008.5,18.42,0,26.7,0,8.05,42.38,365.58
2024-07-12,28.0,4.4,1,18.1,,1006.8,13.64,0,19.57,0,9.6,41.62,264.12
2024-07-13,28.0,29.4,1,16.7,,1005.4,16.25,0,24.02,0,6.0,40.08,297.62
2024-07-14,26.8,12.2,1,18.1,,1005.3,13.85,0,19.56,0,7.15,31.12,283.75
2024-07-15,27.7,15.9,1,14.3,,1005.1,16.57,0,23.7,0,6.55,30.12,333.33
2024-07-16,26.9,9.2,1,15.0,,1005.3,13.63,0,19.36,0,3.85,30.04,311.33
2024-07-17,26.4,14.4,1,19.0,,1006.1,15.24,0,22.2,0,8.1,37.79,316.12
2024-07-18,27.2,21.7,1,15.3,,1007.2,17.78,0,25.69,0,7.6,33.21,379.0
2024-07-19,27.5,3.9,1,15.1,,1007.1,23.09,0,33.35,0,3.8,42.75,480.33
2024-07-20,27.0,18.4,1,12.7,,1007.6,21.25,0,30.86,0,2.25,35.83,456.25
2024-07-21,28.2,13.1,1,14.6,,1007.5,18.69,0,26.96,0,8.95,48.67,331.96
2024-07-22,27.9,7.8,1,17.9,,1007.9,24.81,0,37.08,0,8.55,63.38,402.12
2024-07-23,29.4,2.5,1,19.6,,1007.4,29.63,1,47.98,1,8.6,65.79,376.67
2024-07-24,29.6,0.1,0,20.9,,1005.7,25.51,1,42.52,0,9.4,53.88,324.96
2024-07-25,28.0,8.7,1,18.0,,1004.8,19.03,0,28.79,0,9.5,41.5,332.54
2024-07-26,28.0,13.8,1,16.4,,1006.0,25.55,1,37.64,0,4.3,53.79,434.42
2024-07-27,27.5,23.3,1,13.3,,1007.6,28.1,1,41.71,0,5.9,57.58,435.0
2024-07-28,28.3,23.3,1,14.2,,1007.5,30.6,1,45.02,1,5.35,48.17,448.08
2024-07-29,29.2,14.9,1,13.9,,1007.1,27.8,1,41.21,0,9.85,51.67,453.25
2024-07-30,29.7,4.4,1,14.9,,1008.6,34.83,1,50.25,1,9.6,49.54,635.42
2024-07-31,29.6,12.6,1,13.2,,1010.1,33.4,1,49.24,1,9.2,51.88,511.5
2024-08-01,29.8,3.5,1,10.8,,1010.0,37.91,1,55.82,1,8.55,46.04,578.33
2024-08-02,29.7,17.1,1,9.9,,1009.3,37.48,1,54.98,1,8.3,56.62,514.04
2024-08-03,28.3,9.8,1,10.2,,1009.4,28.77,1,42.14,0,8.75,55.17,420.25
2024-08-04,27.2,4.9,1,11.2,,1009.5,23.9,0,34.63,0,8.4,42.38,468.62
2024-08-05,28.9,19.0,1,10.7,,1008.6,21.35,0,30.85,0,9.6,42.46,406.96
2024-08-06,28.8,9.5,1,12.3,,1007.7,22.14,0,31.93,0,10.6,39.29,403.29
2024-08-07,29.7,10.3,1,12.9,,1008.5,21.11,0,30.29,0,9.05,37.17,394.04
2024-08-08,30.2,0.0,0,13.6,,1008.9,24.63,0,35.71,0,9.2,49.83,430.12
2024-08-09,29.8,2.5,1,13.1,,1008.3,29.08,1,43.14,0,8.65,43.04,433.29
2024-08-10,30.6,2.8,1,15.0,,1007.3,27.2,1,39.95,0,10.1,53.62,486.25
2024-08-11,30.6,1.8,1,17.9,,1005.8,19.42,0,28.48,0,7.3,48.0,356.79
2024-08-12,29.0,7.4,1,18.8,,1006.5,23.57,0,34.42,0,9.0,51.17,473.21
2024-08-13,30.0,0.7,0,11.0,,1007.6,24.66,0,35.74,0,10.15,47.75,472.62
2024-08-14,30.1,3.0,1,12.8,,1007.3,24.95,0,36.28,0,10.3,51.96,461.5
2024-08-15,30.1,7.2,1,13.0,,1006.6,27.42,1,39.48,0,11.2,55.29,421.58
2024-08-16,30.0,6.9,1,12.5,,1006.8,28.66,1,41.73,0,10.65,51.92,464.25
2024-08-17,29.4,7.5,1,9.0,,1008.2,32.2,1,47.72,1,9.25,37.96,505.38
2024-08-18,30.8,0.1,0,9.0,,1008.4,24.91,0,37.31,0,10.25,48.17,373.08
2024-08-19,30.3,0.0,0,11.1,,1008.1,24.07,0,35.75,0,10.45,45.79,401.04
2024-08-20,29.6,0.8,0,9.6,,1008.7,28.98,1,42.43,0,10.1,47.29,475.46
2024-08-21,29.7,1.6,1,8.0,,1009.7,23.38,0,34.38,0,9.3,43.0,450.08
2024-08-22,30.0,2.0,1,8.0,,1009.4,22.12,0,32.92,0,9.4,31.33,434.71
2024-08-23,28.7,3.1,1,8.4,,1010.2,31.72,1,46.1,1,8.25,33.12,495.88
2024-08-24,28.8,1.4,1,6.9,,1009.6,39.74,1,57.04,1,8.95,61.96,487.67
2024-08-25,27.5,3.4,1,9.5,,1008.7,25.79,1,36.85,0,6.5,42.62,434.12
2024-08-26,28.1,6.7,1,9.6,,1008.4,21.7,0,31.08,0,9.15,40.58,381.83
2024-08-27,27.8,6.6,1,9.4,,1008.8,20.33,0,29.21,0,4.3,34.04,374.67
2024-08-28,27.7,,0,12.9,,1008.6,18.56,0,26.98,0,9.55,35.08,393.79
2024-08-29,28.2,,0,17.2,,1008.8,19.47,0,28.08,0,6.75,29.29,457.33
2024-08-30,28.5,,0,15.4,,1009.1,18.9,0,27.35,0,10.65,36.38,427.54
2024-08-31,27.0,,0,9.2,,1008.8,25.47,1,37.02,0,10.0,38.04,544.5
2024-09-01,26.6,,0,9.7,,1008.1,23.98,0,34.7,0,5.1,28.71,497.5
2024-09-02,26.6,,0,9.0,,1008.3,14.09,0,20.31,0,7.85,31.58,333.33
2024-09-03,28.0,,0,15.7,,1008.7,20.42,0,29.99,0,11.15,33.17,398.17
2024-09-04,26.5,,0,12.9,,1007.5,12.05,0,17.71,0,11.9,36.62,288.92
2024-09-05,28.5,13.7,1,15.8,,1004.6,15.63,0,22.76,0,8.15,30.54,353.29
2024-09-06,28.2,10.9,1,20.1,,1004.7,11.76,0,17.28,0,7.15,34.92,267.71
2024-09-07,28.9,12.4,1,20.8,,1007.0,13.08,0,19.41,0,4.4,31.88,294.33
2024-09-08,28.8,26.4,1,16.4,,1008.6,19.91,0,29.61,0,8.55,35.04,400.67
2024-09-09,29.8,5.8,1,15.0,,1006.9,23.18,0,34.04,0,10.25,34.21,505.75
2024-09-10,29.2,20.6,1,11.5,,1006.1,26.71,1,40.5,0,10.55,44.04,460.88
2024-09-11,27.8,6.3,1,8.8,,1007.7,29.19,1,43.31,0,7.6,34.67,533.79
2024-09-12,28.3,14.7,1,8.7,,1008.1,23.55,0,34.57,0,9.55,48.17,414.46
2024-09-13,27.8,21.3,1,12.4,,1006.6,15.91,0,23.12,0,9.8,33.12,340.67
2024-09-14,28.0,20.6,1,15.5,,1005.2,11.33,0,16.21,0,3.3,18.08,349.17
2024-09-15,27.5,9.3,1,13.5,,1004.7,15.29,0,22.28,0,7.3,28.42,352.17
2024-09-16,27.8,23.6,1,14.5,,1003.8,15.2,0,22.41,0,10.45,45.54,293.92
2024-09-17,26.7,20.8,1,13.1,,1002.7,13.73,0,19.63,0,6.8,43.79,360.38
2024-09-18,25.5,25.4,1,8.5,,1001.5,17.14,0,24.41,0,7.6,50.17,401.5
2024-09-19,28.1,3.4,1,18.1,,1001.9,11.62,0,16.8,0,4.55,46.46,283.0
2024-09-20,27.0,8.8,1,15.3,,1004.0,12.84,0,19.09,0,6.25,43.62,280.67
2024-09-21,26.1,17.3,1,15.2,,1006.3,13.51,0,20.17,0,10.65,36.71,300.5
2024-09-22,26.4,10.7,1,8.2,,1007.7,22.19,0,32.55,0,2.7,26.0,508.79
2024-09-23,27.8,27.3,1,8.5,,1009.5,24.53,0,38.31,0,7.25,28.92,479.67
2024-09-24,28.2,4.9,1,4.6,,1009.5,36.48,1,54.68,1,6.3,33.12,649.92
2024-09-25,28.4,3.4,1,6.0,,1009.9,28.77,1,43.56,0,9.75,53.38,530.71
2024-09-26,28.5,8.3,1,9.2,,1009.8,17.46,0,27.13,0,10.4,34.62,356.0
2024-09-27,28.7,5.4,1,9.8,,1009.5,15.28,0,22.82,0,7.85,34.25,378.79
2024-09-28,29.8,0.6,0,9.1,,1008.8,16.59,0,25.57,0,9.25,35.67,373.5
2024-09-29,30.5,3.1,1,10.9,,1008.3,39.05,1,56.98,1,8.9,67.71,549.79
2024-09-30,30.3,17.9,1,12.5,,1007.4,25.04,1,36.58,0,8.95,46.25,469.75
2024-10-01,29.3,6.1,1,10.2,,1007.1,24.67,0,36.12,0,10.15,39.21,447.79
2024-10-02,29.8,5.2,1,8.4,,1008.8,22.34,0,32.93,0,7.6,44.12,429.38
2024-10-03,27.4,22.5,1,8.4,,1009.8,21.53,0,31.46,0,8.6,39.12,454.79
2024-10-04,27.8,4.5,1,8.7,,1009.7,34.66,1,50.38,1,10.05,70.62,578.58
2024-10-05,27.9,0.7,0,7.2,,1009.0,37.6,1,56.42,1,9.6,91.21,591.71
2024-10-06,27.8,12.5,1,8.8,,1009.8,36.89,1,53.91,1,6.1,73.58,559.42
2024-10-07,28.6,12.0,1,7.4,,1010.4,33.42,1,48.73,1,7.9,82.75,561.96
2024-10-08,27.0,11.2,1,7.4,,1010.0,34.44,1,50.32,1,7.05,66.08,603.96
2024-10-09,27.5,13.2,1,6.5,,1009.1,24.32,0,36.46,0,9.15,39.25,485.54
2024-10-10,27.3,4.3,1,7.5,,1008.6,24.62,0,37.64,0,10.1,43.83,511.83
2024-10-11,28.7,7.2,1,6.9,,1008.3,32.67,1,49.11,1,8.7,44.62,604.92
2024-10-12,28.5,9.8,1,8.7,,1009.0,29.94,1,44.06,0,6.9,35.62,667.92
2024-10-13,27.7,7.0,1,9.5,,1008.9,27.26,1,39.78,0,9.9,74.42,514.71
2024-10-14,28.2,6.7,1,7.6,,1008.3,40.65,1,59.68,1,7.25,69.46,613.46
2024-10-15,28.0,11.7,1,5.1,,1009.0,25.55,1,37.77,0,5.95,50.88,497.79
2024-10-16,27.1,16.4,1,8.6,,1009.7,20.6,0,29.88,0,5.8,31.62,483.42
2024-10-17,27.0,13.2,1,6.5,,1009.8,20.2,0,29.35,0,6.8,34.17,494.71
2024-10-18,26.7,11.0,1,6.9,,1009.5,17.72,0,25.42,0,6.1,29.08,425.79
2024-10-19,28.0,17.5,1,8.7,,1010.0,19.92,0,28.91,0,5.85,26.58,486.38
2024-10-20,27.8,32.1,1,7.9,,1010.8,30.31,1,43.93,0,8.15,38.33,506.88
2024-10-21,27.2,24.4,1,9.6,,1009.5,23.94,0,34.52,0,8.0,49.54,509.04
2024-10-22,27.6,12.9,1,8.4,,1008.5,20.26,0,29.3,0,9.3,45.62,433.38
2024-10-23,28.0,12.8,1,9.7,,1008.7,32.0,1,46.58,1,2.4,31.38,718.12
2024-10-24,29.5,0.4,0,9.4,,1007.9,28.79,1,42.33,0,8.75,73.88,715.17
2024-10-25,29.1,0.1,0,11.2,,1007.1,29.49,1,43.0,0,9.2,62.12,706.83
2024-10-26,29.3,0.0,0,14.2,,1005.3,33.35,1,48.53,1,6.6,60.08,707.5
2024-10-27,26.2,9.9,1,9.2,,1004.9,20.46,0,30.36,0,4.85,43.04,839.0
2024-10-28,25.2,44.3,1,9.2,,1005.7,15.3,0,22.14,0,3.5,32.38,641.0
2024-10-29,27.2,6.1,1,10.5,,1007.4,33.57,1,48.09,1,6.35,47.96,693.38
2024-10-30,29.0,3.3,1,12.0,,1008.6,21.9,0,31.42,0,8.85,71.54,828.54
2024-10-31,28.3,1.0,1,9.8,,1008.1,25.28,1,36.16,0,8.55,66.54,751.25
2024-11-01,29.2,9.0,1,9.4,,1008.2,30.82,1,44.24,0,8.2,90.21,910.58
2024-11-02,28.8,13.3,1,13.8,,1009.6,21.62,0,32.11,0,7.05,54.67,920.96
2024-11-03,27.1,0.0,0,6.7,,1009.8,34.95,1,50.58,1,8.55,69.92,1018.46
2024-11-04,28.1,11.8,1,7.6,,1009.6,24.5,0,36.05,0,8.15,44.21,1192.71
2024-11-05,27.5,7.7,1,7.8,,1010.1,30.41,1,44.93,0,8.6,50.54,1401.25
2024-11-06,27.5,5.6,1,7.6,,1010.5,42.74,1,62.54,1,8.3,82.12,823.38
2024-11-07,28.2,1.6,1,5.3,,1010.3,27.75,1,41.18,0,8.7,47.79,975.25
2024-11-08,27.4,2.9,1,6.6,,1010.1,32.85,1,48.8,1,4.8,33.67,1579.62
2024-11-09,27.5,8.3,1,7.0,,1010.0,33.68,1,50.75,1,8.0,54.62,1434.29
2024-11-10,28.1,1.0,1,7.3,,1010.3,33.67,1,52.93,1,7.45,82.88,1917.54
2024-11-11,29.0,0.0,0,7.0,,1009.2,28.58,1,43.45,0,7.9,79.75,861.79
2024-11-12,29.4,0.7,0,7.9,,1008.3,37.53,1,45.82,1,4.6,73.5,992.25
2024-11-13,28.5,1.6,1,10.1,,1008.0,26.2,1,26.89,0,5.7,70.67,1016.46
2024-11-14,29.2,0.0,0,12.3,,1008.7,14.32,0,15.56,0,8.1,58.42,679.12
2024-11-15,28.8,0.2,0,9.5,,1008.7,25.48,1,27.44,0,6.25,63.12,841.88
2024-11-16,29.4,0.0,0,10.8,,1008.3,18.66,0,20.46,0,7.25,63.29,757.92
2024-11-17,28.9,0.2,0,9.2,,1008.4,24.98,0,25.83,0,7.45,63.54,885.88
2024-11-18,29.1,0.0,0,6.9,,1008.3,30.02,1,31.62,0,8.15,63.12,943.42
2024-11-19,29.6,0.8,0,8.3,,1009.1,38.85,1,41.3,0,6.85,44.54,1004.75
2024-11-20,28.6,5.5,1,6.6,,1008.8,35.53,1,37.31,0,7.15,49.42,920.29
2024-11-21,28.9,9.2,1,7.6,,1007.9,34.68,1,35.74,0,8.85,46.5,1063.58
2024-11-22,28.5,0.7,0,5.9,,1008.4,31.74,1,33.74,0,8.15,38.33,967.96
2024-11-23,28.2,0.3,0,5.7,,1009.1,51.91,1,54.94,1,7.0,45.17,1203.92
2024-11-24,29.7,7.1,1,7.0,,1009.1,29.07,1,30.88,0,7.05,39.54,1391.17
2024-11-25,29.2,0.0,0,8.3,,1008.8,38.06,1,40.79,0,7.75,39.88,980.88
2024-11-26,28.6,0.0,0,8.2,,1008.4,27.52,1,29.03,0,7.6,44.79,1160.46
2024-11-27,29.0,0.1,0,9.0,,1008.4,30.27,1,32.34,0,7.2,46.25,809.25
2024-11-28,28.5,0.8,0,14.3,,1009.8,14.86,0,15.69,0,7.65,72.92,710.67
2024-11-29,27.1,2.2,1,10.2,,1009.8,26.71,1,27.74,0,6.95,51.92,780.92
2024-11-30,26.5,7.6,1,8.8,,1009.0,35.64,1,37.82,0,7.4,52.75,868.12
2024-12-01,27.6,0.1,0,8.0,,1007.8,39.15,1,40.55,0,6.95,84.33,996.96
2024-12-02,28.6,0.4,0,7.2,,1007.0,35.83,1,38.33,0,6.25,42.88,1251.96
2024-12-03,26.7,2.4,1,6.0,,1008.0,44.15,1,45.7,1,3.65,26.62,1208.92
2024-12-04,26.5,8.9,1,7.8,,1008.0,49.32,1,50.62,1,4.7,48.83,1190.62
2024-12-05,27.6,13.4,1,6.7,,1007.7,33.57,1,34.47,0,6.1,37.75,1091.29
2024-12-06,28.8,2.1,1,8.1,,1007.8,21.42,0,22.93,0,7.0,50.04,1018.58
2024-12-07,27.8,8.2,1,7.6,,1008.8,30.21,1,31.19,0,6.7,37.33,1548.46
2024-12-08,28.1,0.8,0,10.0,,1009.7,21.65,0,22.24,0,7.4,56.58,1046.83
2024-12-09,28.2,0.0,0,9.5,,1009.4,31.41,1,32.38,0,4.65,38.71,660.46
2024-12-10,28.0,,0,10.4,,1008.9,15.65,0,16.05,0,5.95,42.96,534.42
2024-12-11,27.0,,0,8.3,,1008.2,16.21,0,16.8,0,3.05,26.17,852.0
2024-12-12,27.2,,0,8.2,,1007.7,18.61,0,19.53,0,5.85,34.08,919.62
2024-12-13,26.8,,0,7.2,,1008.8,15.21,0,16.18,0,6.9,48.21,1146.96
2024-12-14,26.2,4.7,1,8.6,,1009.8,18.12,0,19.18,0,4.2,35.12,1793.58
2024-12-15,25.6,15.0,1,5.1,,1011.1,18.61,0,19.36,0,3.2,42.12,935.71
2024-12-16,26.5,0.0,0,5.7,,1011.5,24.22,0,24.64,0,4.9,43.12,777.38
2024-12-17,27.0,0.0,0,7.5,,1010.7,49.85,1,51.71,1,7.7,61.96,1247.0
2024-12-18,27.2,0.0,0,6.9,,1010.0,40.52,1,41.35,0,7.75,58.38,845.0
2024-12-19,27.7,0.0,0,9.0,,1010.0,29.07,1,30.48,0,8.4,56.46,681.17
2024-12-20,26.5,0.0,0,8.2,,1010.0,37.53,1,39.55,0,5.8,56.21,1289.92
2024-12-21,26.0,0.0,0,5.9,,1010.7,46.24,1,48.03,1,5.55,55.38,1122.75
2024-12-22,24.3,0.0,0,8.7,,1010.2,41.6,1,42.26,0,5.35,40.92,681.42
2024-12-23,25.9,0.0,0,8.8,,1009.0,19.17,0,19.43,0,8.8,62.75,651.58
2024-12-24,27.4,0.3,0,13.9,,1009.6,10.32,0,10.38,0,5.4,63.0,586.75
2024-12-25,28.0,0.3,0,15.2,,1010.2,17.62,0,17.73,0,8.75,47.79,566.33
2024-12-26,28.5,3.2,1,9.6,,1011.5,18.88,0,19.9,0,6.5,42.58,1012.71
2024-12-27,27.1,11.7,1,8.1,,1012.2,25.11,1,26.64,0,7.6,38.25,1084.42
2024-12-28,27.1,8.0,1,6.4,,1012.2,35.31,1,36.57,0,7.05,39.46,967.29
2024-12-29,27.3,0.0,0,9.1,,1011.7,35.28,1,36.42,0,8.45,52.83,758.83
2024-12-30,26.7,0.0,0,8.4,,1011.5,54.4,1,55.94,1,7.8,65.79,1246.0
2024-12-31,27.8,0.0,0,9.0,,1010.6,28.26,1,28.85,0,5.95,40.21,611.17
