time,temperature_avg_C,precipitation_mm,wind_speed_kmh,wind_direction_deg,pressure_hPa,pm10_ugm3,pm2_5_ugm3,uv_index,ozone_ugm3,co_ugm3,co2_ppm,has_any_quality_issues,weather_has_quality_issues,aq_has_quality_issues,aq_co2_ppm_invalid_negative,aq_co2_ppm_missing,aq_co_ugm3_invalid_negative,aq_co_ugm3_missing,aq_ozone_ugm3_invalid_negative,aq_ozone_ugm3_missing,aq_pm10_ugm3_invalid_negative,aq_pm10_ugm3_invalid_range,aq_pm10_ugm3_missing,aq_pm2_5_ugm3_invalid_negative,aq_pm2_5_ugm3_invalid_range,aq_pm2_5_ugm3_missing,aq_pm_invalid_logic,aq_uv_index_invalid_negative,aq_uv_index_invalid_range,aq_uv_index_missing,weather_precipitation_mm_missing,weather_pressure_hPa_invalid_range,weather_pressure_hPa_missing,weather_temperature_avg_C_invalid_range,weather_temperature_avg_C_missing,weather_wind_direction_deg_missing,weather_wind_speed_kmh_missing
2024-01-01,28.2,0.0,6.2,,1011.3,59.04,39.5,7.65,58.92,692.62,,1,1,1,0,1,0,0,0,0,0,0,0,0,0,0,0,0,0,0,0,0,0,0,0,1,0
2024-01-02,28.6,0.0,6.3,,1010.9,58.75,39.01,6.15,66.0,585.96,,1,1,1,0,1,0,0,0,0,0,0,0,0,0,0,0,0,0,0,0,0,0,0,0,1,0
2024-01-03,28.6,0.0,7.1,,1010.9,44.8,29.48,7.3,60.96,533.12,,1,1,1,0,1,0,0,0,0,0,0,0,0,0,0,0,0,0,0,0,0,0,0,0,1,0
2024-01-04,28.2,0.0,6.8,,1011.4,42.05,27.4,8.35,78.38,490.0,,1,1,1,0,1,0,0,0,0,0,0,0,0,0,0,0,0,0,0,0,0,0,0,0,1,0
2024-01-05,27.7,0.0,5.1,,1012.2,43.02,28.22,7.5,65.92,563.21,,1,1,1,0,1,0,0,0,0,0,0,0,0,0,0,0,0,0,0,0,0,0,0,0,1,0
2024-01-06,28.7,0.3,6.1,,1011.7,54.5,35.84,8.0,74.75,629.67,,1,1,1,0,1,0,0,0,0,0,0,0,0,0,0,0,0,0,0,0,0,0,0,0,1,0
2024-01-07,28.8,0.0,6.9,,1012.2,36.47,23.18,8.3,74.92,438.92,,1,1,1,0,1,0,0,0,0,0,0,0,0,0,0,0,0,0,0,0,0,0,0,0,1,0
2024-01-08,28.6,0.0,5.0,,1012.1,43.51,28.14,5.65,53.88,554.46,,1,1,1,0,1,0,0,0,0,0,0,0,0,0,0,0,0,0,0,0,0,0,0,0,1,0
2024-01-09,28.8,0.0,7.3,,1011.2,38.19,24.2,8.45,70.67,393.04,,1,1,1,0,1,0,0,0,0,0,0,0,0,0,0,0,0,0,0,0,0,0,0,0,1,0
2024-01-10,29.3,0.0,9.0,,1010.6,36.44,23.62,6.8,67.29,378.17,,1,1,1,0,1,0,0,0,0,0,0,0,0,0,0,0,0,0,0,0,0,0,0,0,1,0
2024-01-11,28.5,0.0,7.9,,1011.1,36.5,23.9,7.7,81.62,421.21,,1,1,1,0,1,0,0,0,0,0,0,0,0,0,0,0,0,0,0,0,0,0,0,0,1,0
2024-01-12,27.5,0.0,7.9,,1011.1,42.26,27.16,7.7,84.54,502.54,,1,1,1,0,1,0,0,0,0,0,0,0,0,0,0,0,0,0,0,0,0,0,0,0,1,0
2024-01-13,27.1,0.0,5.1,,1011.3,46.81,30.44,7.8,79.83,562.92,,1,1,1,0,1,0,0,0,0,0,0,0,0,0,0,0,0,0,0,0,0,0,0,0,1,0
2024-01-14,27.3,0.0,5.3,,1012.0,60.23,40.15,8.5,82.71,720.21,,1,1,1,0,1,0,0,0,0,0,0,0,0,0,0,0,0,0,0,0,0,0,0,0,1,0
2024-01-15,27.8,0.0,6.8,,1011.5,48.66,32.65,9.3,69.21,687.96,,1,1,1,0,1,0,0,0,0,0,0,0,0,0,0,0,0,0,0,0,0,0,0,0,1,0
2024-01-16,28.2,0.0,6.3,,1011.3,42.4,27.61,9.9,70.04,554.62,,1,1,1,0,1,0,0,0,0,0,0,0,0,0,0,0,0,0,0,0,0,0,0,0,1,0
2024-01-17,29.0,0.0,6.7,,1011.2,29.63,19.15,10.05,66.92,425.92,,1,1,1,0,1,0,0,0,0,0,0,0,0,0,0,0,0,0,0,0,0,0,0,0,1,0
2024-01-18,29.0,0.0,6.7,,1010.8,31.01,20.03,8.55,79.42,392.25,,1,1,1,0,1,0,0,0,0,0,0,0,0,0,0,0,0,0,0,0,0,0,0,0,1,0
2024-01-19,28.6,0.0,7.5,,1010.7,33.16,21.7,8.95,80.96,394.25,,1,1,1,0,1,0,0,0,0,0,0,0,0,0,0,0,0,0,0,0,0,0,0,0,1,0
2024-01-20,27.9,0.0,8.5,,1011.4,36.05,23.25,8.05,78.42,348.5,,1,1,1,0,1,0,0,0,0,0,0,0,0,0,0,0,0,0,0,0,0,0,0,0,1,0
2024-01-21,28.0,0.0,9.2,,1012.5,33.19,21.29,7.05,77.46,324.29,,1,1,1,0,1,0,0,0,0,0,0,0,0,0,0,0,0,0,0,0,0,0,0,0,1,0
2024-01-22,29.3,0.0,10.9,,1012.6,22.77,14.98,10.6,67.25,320.21,,1,1,1,0,1,0,0,0,0,0,0,0,0,0,0,0,0,0,0,0,0,0,0,0,1,0
2024-01-23,28.8,0.0,8.3,,1013.3,28.08,18.15,10.25,65.08,410.08,,1,1,1,0,1,0,0,0,0,0,0,0,0,0,0,0,0,0,0,0,0,0,0,0,1,0
2024-01-24,28.7,0.0,8.9,,1013.8,22.62,14.99,10.7,64.83,484.58,,1,1,1,0,1,0,0,0,0,0,0,0,0,0,0,0,0,0,0,0,0,0,0,0,1,0
2024-01-25,29.1,0.0,8.3,,1015.3,28.46,19.0,11.05,70.29,574.04,,1,1,1,0,1,0,0,0,0,0,0,0,0,0,0,0,0,0,0,0,0,0,0,0,1,0
2024-01-26,28.9,0.0,8.0,,1016.2,35.35,23.11,11.1,77.17,561.67,,1,1,1,0,1,0,0,0,0,0,0,0,0,0,0,0,0,0,0,0,0,0,0,0,1,0
2024-01-27,28.6,0.0,9.0,,1015.3,35.19,23.2,10.45,92.12,509.29,,1,1,1,0,1,0,0,0,0,0,0,0,0,0,0,0,0,0,0,0,0,0,0,0,1,0
2024-01-28,28.9,0.0,10.0,,1015.4,31.0,19.97,10.8,81.88,495.33,,1,1,1,0,1,0,0,0,0,0,0,0,0,0,0,0,0,0,0,0,0,0,0,0,1,0
2024-01-29,29.0,0.0,8.2,,1014.8,22.55,14.57,10.95,73.38,417.75,,1,1,1,0,1,0,0,0,0,0,0,0,0,0,0,0,0,0,0,0,0,0,0,0,1,0
2024-01-30,29.2,0.0,11.2,,1014.2,21.77,13.63,11.0,74.88,350.08,,1,1,1,0,1,0,0,0,0,0,0,0,0,0,0,0,0,0,0,0,0,0,0,0,1,0
2024-01-31,29.1,0.0,11.3,,1013.9,23.64,14.99,9.7,76.96,356.79,,1,1,1,0,1,0,0,0,0,0,0,0,0,0,0,0,0,0,0,0,0,0,0,0,1,0
2024-02-01,28.8,0.0,9.9,,1014.2,25.69,16.29,9.35,74.46,365.42,,1,1,1,0,1,0,0,0,0,0,0,0,0,0,0,0,0,0,0,0,0,0,0,0,1,0
2024-02-02,28.1,0.0,12.4,,1013.5,24.8,15.68,8.2,73.21,328.12,,1,1,1,0,1,0,0,0,0,0,0,0,0,0,0,0,0,0,0,0,0,0,0,0,1,0
2024-02-03,28.6,0.0,12.1,,1013.5,23.58,15.02,8.85,74.62,309.25,,1,1,1,0,1,0,0,0,0,0,0,0,0,0,0,0,0,0,0,0,0,0,0,0,1,0
2024-02-04,28.9,0.0,9.4,,1013.8,30.63,19.25,10.8,70.42,328.0,,1,1,1,0,1,0,0,0,0,0,0,0,0,0,0,0,0,0,0,0,0,0,0,0,1,0
2024-02-05,28.5,0.0,9.0,,1013.8,26.05,16.66,8.3,72.0,292.92,,1,1,1,0,1,0,0,0,0,0,0,0,0,0,0,0,0,0,0,0,0,0,0,0,1,0
2024-02-06,29.0,0.0,11.8,,1014.0,22.69,14.52,12.05,61.92,245.71,,1,1,1,0,1,0,0,0,0,0,0,0,0,0,0,0,0,0,0,0,0,0,0,0,1,0
2024-02-07,28.7,0.0,10.7,,1012.8,36.32,22.64,8.65,60.04,289.88,,1,1,1,0,1,0,0,0,0,0,0,0,0,0,0,0,0,0,0,0,0,0,0,0,1,0
2024-02-08,28.1,0.0,10.9,,1012.2,27.83,17.02,8.75,56.29,286.21,,1,1,1,0,1,0,0,0,0,0,0,0,0,0,0,0,0,0,0,0,0,0,0,0,1,0
2024-02-09,29.4,0.0,13.8,,1013.2,27.42,17.44,10.0,56.67,332.5,,1,1,1,0,1,0,0,0,0,0,0,0,0,0,0,0,0,0,0,0,0,0,0,0,1,0
2024-02-10,29.2,0.0,8.5,,1014.7,29.05,18.99,11.4,74.12,433.79,,1,1,1,0,1,0,0,0,0,0,0,0,0,0,0,0,0,0,0,0,0,0,0,0,1,0
2024-02-11,29.1,0.0,9.3,,1016.2,24.17,16.35,10.5,68.83,601.92,,1,1,1,0,1,0,0,0,0,0,0,0,0,0,0,0,0,0,0,0,0,0,0,0,1,0
2024-02-12,28.4,0.0,8.3,,1015.6,27.81,18.5,11.7,75.58,581.58,,1,1,1,0,1,0,0,0,0,0,0,0,0,0,0,0,0,0,0,0,0,0,0,0,1,0
2024-02-13,29.5,0.0,10.8,,1014.0,18.87,12.16,12.05,76.5,373.5,,1,1,1,0,1,0,0,0,0,0,0,0,0,0,0,0,0,0,0,0,0,0,0,0,1,0
2024-02-14,30.5,0.0,12.3,,1012.9,16.41,10.5,11.95,71.25,321.17,,1,1,1,0,1,0,0,0,0,0,0,0,0,0,0,0,0,0,0,0,0,0,0,0,1,0
2024-02-15,30.8,0.0,13.7,,1012.9,15.94,10.12,11.15,71.33,290.33,,1,1,1,0,1,0,0,0,0,0,0,0,0,0,0,0,0,0,0,0,0,0,0,0,1,0
2024-02-16,30.1,0.0,12.3,,1012.7,17.3,11.08,12.05,70.42,293.58,,1,1,1,0,1,0,0,0,0,0,0,0,0,0,0,0,0,0,0,0,0,0,0,0,1,0
2024-02-17,29.5,0.0,12.7,,1011.9,18.39,11.58,11.85,68.08,255.42,,1,1,1,0,1,0,0,0,0,0,0,0,0,0,0,0,0,0,0,0,0,0,0,0,1,0
2024-02-18,29.2,0.0,12.2,,1012.1,19.22,11.85,12.5,67.12,251.08,,1,1,1,0,1,0,0,0,0,0,0,0,0,0,0,0,0,0,0,0,0,0,0,0,1,0
2024-02-19,29.2,0.0,14.1,,1012.2,21.21,12.86,10.95,63.67,246.08,,1,1,1,0,1,0,0,0,0,0,0,0,0,0,0,0,0,0,0,0,0,0,0,0,1,0
2024-02-20,28.9,0.0,12.2,,1012.0,17.74,11.24,11.0,55.38,252.71,,1,1,1,0,1,0,0,0,0,0,0,0,0,0,0,0,0,0,0,0,0,0,0,0,1,0
2024-02-21,28.7,0.0,12.6,,1011.5,17.06,10.65,9.4,55.25,243.29,,1,1,1,0,1,0,0,0,0,0,0,0,0,0,0,0,0,0,0,0,0,0,0,0,1,0
2024-02-22,29.3,0.0,13.5,,1012.4,16.55,10.54,12.7,55.83,226.38,,1,1,1,0,1,0,0,0,0,0,0,0,0,0,0,0,0,0,0,0,0,0,0,0,1,0
2024-02-23,29.5,0.0,14.0,,1012.6,18.24,11.62,10.1,57.96,229.88,,1,1,1,0,1,0,0,0,0,0,0,0,0,0,0,0,0,0,0,0,0,0,0,0,1,0
2024-02-24,30.1,0.2,15.8,,1012.4,22.41,13.87,10.85,66.21,270.62,,1,1,1,0,1,0,0,0,0,0,0,0,0,0,0,0,0,0,0,0,0,0,0,0,1,0
2024-02-25,29.8,0.0,10.3,,1011.5,22.94,14.4,10.15,74.92,293.38,,1,1,1,0,1,0,0,0,0,0,0,0,0,0,0,0,0,0,0,0,0,0,0,0,1,0
2024-02-26,30.4,0.0,11.2,,1011.8,21.15,13.49,12.75,58.79,334.96,,1,1,1,0,1,0,0,0,0,0,0,0,0,0,0,0,0,0,0,0,0,0,0,0,1,0
2024-02-27,30.1,1.2,13.1,,1011.2,18.13,11.74,11.5,59.0,279.5,,1,1,1,0,1,0,0,0,0,0,0,0,0,0,0,0,0,0,0,0,0,0,0,0,1,0
2024-02-28,30.0,0.0,13.3,,1010.2,16.25,10.1,11.45,68.21,231.75,,1,1,1,0,1,0,0,0,0,0,0,0,0,0,0,0,0,0,0,0,0,0,0,0,1,0
2024-02-29,30.1,0.0,14.4,,1010.6,19.1,11.7,13.4,74.0,247.79,,1,1,1,0,1,0,0,0,0,0,0,0,0,0,0,0,0,0,0,0,0,0,0,0,1,0
2024-03-01,30.0,0.0,13.0,,1011.2,21.51,13.25,11.85,75.58,303.88,,1,1,1,0,1,0,0,0,0,0,0,0,0,0,0,0,0,0,0,0,0,0,0,0,1,0
2024-03-02,29.9,0.0,10.4,,1011.1,26.82,16.67,11.65,72.25,360.67,,1,1,1,0,1,0,0,0,0,0,0,0,0,0,0,0,0,0,0,0,0,0,0,0,1,0
2024-03-03,29.4,0.0,10.7,,1010.9,22.38,13.46,11.65,84.79,346.58,,1,1,1,0,1,0,0,0,0,0,0,0,0,0,0,0,0,0,0,0,0,0,0,0,1,0
2024-03-04,29.3,0.0,15.5,,1010.5,29.56,17.43,10.65,75.21,308.42,,1,1,1,0,1,0,0,0,0,0,0,0,0,0,0,0,0,0,0,0,0,0,0,0,1,0
2024-03-05,29.0,0.0,9.4,,1010.0,37.4,23.62,6.4,66.67,347.62,,1,1,1,0,1,0,0,0,0,0,0,0,0,0,0,0,0,0,0,0,0,0,0,0,1,0
2024-03-06,29.2,0.0,9.9,,1008.8,47.62,30.81,8.25,82.67,368.46,,1,1,1,0,1,0,0,0,0,0,0,0,0,0,0,0,0,0,0,0,0,0,0,0,1,0
2024-03-07,29.5,0.0,12.0,,1008.8,41.72,26.02,8.3,89.33,289.75,,1,1,1,0,1,0,0,0,0,0,0,0,0,0,0,0,0,0,0,0,0,0,0,0,1,0
2024-03-08,30.3,0.0,18.4,,1010.2,21.13,13.0,12.9,64.12,242.5,,1,1,1,0,1,0,0,0,0,0,0,0,0,0,0,0,0,0,0,0,0,0,0,0,1,0
2024-03-09,30.0,0.0,12.1,,1010.7,36.33,22.72,10.05,77.96,317.46,,1,1,1,0,1,0,0,0,0,0,0,0,0,0,0,0,0,0,0,0,0,0,0,0,1,0
2024-03-10,30.1,0.0,16.3,,1012.4,26.93,16.72,10.1,75.58,276.17,,1,1,1,0,1,0,0,0,0,0,0,0,0,0,0,0,0,0,0,0,0,0,0,0,1,0
2024-03-11,30.5,0.0,12.9,,1012.8,22.5,14.29,13.45,72.0,358.42,,1,1,1,0,1,0,0,0,0,0,0,0,0,0,0,0,0,0,0,0,0,0,0,0,1,0
2024-03-12,30.8,0.0,11.5,,1012.5,25.75,15.98,12.55,73.54,373.17,,1,1,1,0,1,0,0,0,0,0,0,0,0,0,0,0,0,0,0,0,0,0,0,0,1,0
2024-03-13,30.1,0.0,12.1,,1012.3,28.96,18.18,8.15,77.38,366.04,,1,1,1,0,1,0,0,0,0,0,0,0,0,0,0,0,0,0,0,0,0,0,0,0,1,0
2024-03-14,29.8,0.0,13.7,,1011.9,25.8,15.65,10.2,75.67,300.33,,1,1,1,0,1,0,0,0,0,0,0,0,0,0,0,0,0,0,0,0,0,0,0,0,1,0
2024-03-15,29.4,0.0,16.1,,1011.9,28.15,17.31,12.65,66.17,263.79,,1,1,1,0,1,0,0,0,0,0,0,0,0,0,0,0,0,0,0,0,0,0,0,0,1,0
2024-03-16,30.0,0.0,13.9,,1012.4,25.15,15.36,12.55,67.79,268.58,,1,1,1,0,1,0,0,0,0,0,0,0,0,0,0,0,0,0,0,0,0,0,0,0,1,0
2024-03-17,30.3,0.0,12.9,,1012.0,25.1,15.38,10.2,61.29,277.25,,1,1,1,0,1,0,0,0,0,0,0,0,0,0,0,0,0,0,0,0,0,0,0,0,1,0
2024-03-18,29.9,0.0,14.5,,1010.6,21.85,13.42,12.5,68.0,249.62,,1,1,1,0,1,0,0,0,0,0,0,0,0,0,0,0,0,0,0,0,0,0,0,0,1,0
2024-03-19,29.9,0.0,16.6,,1011.6,22.82,14.03,13.5,71.92,298.17,,1,1,1,0,1,0,0,0,0,0,0,0,0,0,0,0,0,0,0,0,0,0,0,0,1,0
2024-03-20,30.0,0.0,11.1,,1012.4,29.88,18.85,11.0,72.88,414.58,,1,1,1,0,1,0,0,0,0,0,0,0,0,0,0,0,0,0,0,0,0,0,0,0,1,0
2024-03-21,30.0,0.6,10.2,,1011.1,24.98,15.23,11.25,88.79,359.46,,1,1,1,0,1,0,0,0,0,0,0,0,0,0,0,0,0,0,0,0,0,0,0,0,1,0
2024-03-22,30.0,0.0,15.2,,1009.0,20.62,12.39,11.9,78.88,275.88,,1,1,1,0,1,0,0,0,0,0,0,0,0,0,0,0,0,0,0,0,0,0,0,0,1,0
2024-03-23,29.6,0.5,15.3,,1010.0,18.68,11.28,11.45,65.79,276.58,,1,1,1,0,1,0,0,0,0,0,0,0,0,0,0,0,0,0,0,0,0,0,0,0,1,0
2024-03-24,29.9,0.0,15.2,,1011.2,19.43,12.3,12.6,62.12,284.92,,1,1,1,0,1,0,0,0,0,0,0,0,0,0,0,0,0,0,0,0,0,0,0,0,1,0
2024-03-25,30.0,0.2,13.8,,1011.1,16.82,10.43,13.55,65.12,245.71,,1,1,1,0,1,0,0,0,0,0,0,0,0,0,0,0,0,0,0,0,0,0,0,0,1,0
2024-03-26,31.2,0.0,17.2,,1011.9,18.62,11.38,13.9,64.75,228.83,,1,1,1,0,1,0,0,0,0,0,0,0,0,0,0,0,0,0,0,0,0,0,0,0,1,0
2024-03-27,31.0,0.1,12.7,,1012.7,23.32,13.99,11.05,66.38,258.29,,1,1,1,0,1,0,0,0,0,0,0,0,0,0,0,0,0,0,0,0,0,0,0,0,1,0
2024-03-28,30.2,0.1,13.3,,1011.6,27.97,17.16,11.9,55.46,270.42,,1,1,1,0,1,0,0,0,0,0,0,0,0,0,0,0,0,0,0,0,0,0,0,0,1,0
2024-03-29,30.2,0.0,12.9,,1011.3,29.94,18.13,11.35,51.58,247.21,,1,1,1,0,1,0,0,0,0,0,0,0,0,0,0,0,0,0,0,0,0,0,0,0,1,0
2024-03-30,31.0,0.0,14.2,,1012.3,25.1,15.9,11.8,47.33,249.25,,1,1,1,0,1,0,0,0,0,0,0,0,0,0,0,0,0,0,0,0,0,0,0,0,1,0
2024-03-31,31.0,0.0,10.7,,1011.7,28.89,18.15,12.25,47.88,263.79,,1,1,1,0,1,0,0,0,0,0,0,0,0,0,0,0,0,0,0,0,0,0,0,0,1,0
2024-04-01,31.0,0.2,10.0,,1009.7,31.2,19.43,9.95,70.33,272.5,,1,1,1,0,1,0,0,0,0,0,0,0,0,0,0,0,0,0,0,0,0,0,0,0,1,0
2024-04-02,30.9,0.2,12.8,,1009.0,28.02,16.96,10.25,60.12,255.17,,1,1,1,0,1,0,0,0,0,0,0,0,0,0,0,0,0,0,0,0,0,0,0,0,1,0
2024-04-03,31.0,0.0,12.4,,1009.4,19.62,11.97,10.95,47.42,231.21,,1,1,1,0,1,0,0,0,0,0,0,0,0,0,0,0,0,0,0,0,0,0,0,0,1,0
2024-04-04,31.1,0.0,11.4,,1008.7,19.34,11.76,9.1,55.54,232.58,,1,1,1,0,1,0,0,0,0,0,0,0,0,0,0,0,0,0,0,0,0,0,0,0,1,0
2024-04-05,30.9,0.2,13.9,,1008.4,20.84,12.4,8.5,63.12,217.21,,1,1,1,0,1,0,0,0,0,0,0,0,0,0,0,0,0,0,0,0,0,0,0,0,1,0
2024-04-06,30.7,0.0,14.6,,1009.0,16.33,9.8,13.25,59.38,205.96,,1,1,1,0,1,0,0,0,0,0,0,0,0,0,0,0,0,0,0,0,0,0,0,0,1,0
2024-04-07,30.8,0.0,12.9,,1008.4,19.28,11.47,12.35,53.17,217.96,,1,1,1,0,1,0,0,0,0,0,0,0,0,0,0,0,0,0,0,0,0,0,0,0,1,0
2024-04-08,31.0,0.0,12.6,,1009.0,19.13,11.62,9.75,54.0,223.58,,1,1,1,0,1,0,0,0,0,0,0,0,0,0,0,0,0,0,0,0,0,0,0,0,1,0
2024-04-09,31.7,0.0,15.9,,1009.3,15.37,9.55,12.6,58.75,186.12,,1,1,1,0,1,0,0,0,0,0,0,0,0,0,0,0,0,0,0,0,0,0,0,0,1,0
2024-04-10,31.9,0.4,14.5,,1010.5,30.13,17.84,11.9,64.88,195.5,,1,1,1,0,1,0,0,0,0,0,0,0,0,0,0,0,0,0,0,0,0,0,0,0,1,0
2024-04-11,32.1,0.7,14.3,,1009.8,23.48,13.84,11.95,64.62,192.0,,1,1,1,0,1,0,0,0,0,0,0,0,0,0,0,0,0,0,0,0,0,0,0,0,1,0
2024-04-12,32.0,0.0,13.4,,1009.4,29.64,17.78,10.4,76.58,251.29,,1,1,1,0,1,0,0,0,0,0,0,0,0,0,0,0,0,0,0,0,0,0,0,0,1,0
2024-04-13,31.2,0.0,16.3,,1009.5,26.75,15.65,9.5,66.08,218.54,,1,1,1,0,1,0,0,0,0,0,0,0,0,0,0,0,0,0,0,0,0,0,0,0,1,0
2024-04-14,30.8,0.0,14.5,,1010.4,25.62,14.88,9.9,59.92,210.42,,1,1,1,0,1,0,0,0,0,0,0,0,0,0,0,0,0,0,0,0,0,0,0,0,1,0
2024-04-15,31.2,0.0,13.9,,1010.8,17.28,10.43,11.15,53.33,200.58,,1,1,1,0,1,0,0,0,0,0,0,0,0,0,0,0,0,0,0,0,0,0,0,0,1,0
2024-04-16,31.7,0.0,16.1,,1009.3,16.65,10.08,13.3,58.42,206.75,,1,1,1,0,1,0,0,0,0,0,0,0,0,0,0,0,0,0,0,0,0,0,0,0,1,0
2024-04-17,31.4,0.1,13.8,,1009.0,22.23,13.25,10.75,51.96,260.62,,1,1,1,0,1,0,0,0,0,0,0,0,0,0,0,0,0,0,0,0,0,0,0,0,1,0
2024-04-18,31.4,0.0,10.6,,1008.1,24.43,15.12,9.9,59.54,268.67,,1,1,1,0,1,0,0,0,0,0,0,0,0,0,0,0,0,0,0,0,0,0,0,0,1,0
2024-04-19,31.4,0.0,12.6,,1007.0,20.3,12.18,11.7,55.96,250.38,,1,1,1,0,1,0,0,0,0,0,0,0,0,0,0,0,0,0,0,0,0,0,0,0,1,0
2024-04-20,31.1,0.0,13.5,,1007.2,14.82,9.2,11.0,51.21,234.67,,1,1,1,0,1,0,0,0,0,0,0,0,0,0,0,0,0,0,0,0,0,0,0,0,1,0
2024-04-21,31.8,0.0,12.0,,1007.9,15.08,9.72,11.15,52.42,240.17,,1,1,1,0,1,0,0,0,0,0,0,0,0,0,0,0,0,0,0,0,0,0,0,0,1,0
2024-04-22,31.5,0.0,12.4,,1007.8,17.11,10.48,10.5,53.12,245.75,,1,1,1,0,1,0,0,0,0,0,0,0,0,0,0,0,0,0,0,0,0,0,0,0,1,0
2024-04-23,31.8,0.0,11.9,,1007.3,15.63,10.09,10.8,52.04,259.17,,1,1,1,0,1,0,0,0,0,0,0,0,0,0,0,0,0,0,0,0,0,0,0,0,1,0
2024-04-24,31.9,1.5,12.8,,1007.2,14.52,9.19,10.1,49.21,248.71,,1,1,1,0,1,0,0,0,0,0,0,0,0,0,0,0,0,0,0,0,0,0,0,0,1,0
2024-04-25,32.5,2.8,13.0,,1007.2,16.4,10.22,11.8,44.21,232.04,,1,1,1,0,1,0,0,0,0,0,0,0,0,0,0,0,0,0,0,0,0,0,0,0,1,0
2024-04-26,32.6,0.8,12.9,,1007.0,16.81,10.54,10.8,36.96,234.58,,1,1,1,0,1,0,0,0,0,0,0,0,0,0,0,0,0,0,0,0,0,0,0,0,1,0
2024-04-27,32.7,0.0,12.5,,1006.7,14.8,9.4,11.8,42.42,210.12,,1,1,1,0,1,0,0,0,0,0,0,0,0,0,0,0,0,0,0,0,0,0,0,0,1,0
2024-04-28,33.0,0.7,12.6,,1008.0,17.4,11.12,10.85,38.88,242.38,,1,1,1,0,1,0,0,0,0,0,0,0,0,0,0,0,0,0,0,0,0,0,0,0,1,0
2024-04-29,33.0,0.0,10.9,,1008.3,23.94,15.25,10.5,36.29,277.5,,1,1,1,0,1,0,0,0,0,0,0,0,0,0,0,0,0,0,0,0,0,0,0,0,1,0
2024-04-30,32.5,0.0,12.7,,1006.4,19.96,12.57,9.75,43.46,226.71,,1,1,1,0,1,0,0,0,0,0,0,0,0,0,0,0,0,0,0,0,0,0,0,0,1,0
2024-05-01,32.9,0.0,12.5,,1005.7,20.75,13.0,10.55,45.33,217.75,,1,1,1,0,1,0,0,0,0,0,0,0,0,0,0,0,0,0,0,0,0,0,0,0,1,0
2024-05-02,32.9,0.9,13.5,,1006.8,17.4,10.6,11.5,51.67,211.75,,1,1,1,0,1,0,0,0,0,0,0,0,0,0,0,0,0,0,0,0,0,0,0,0,1,0
2024-05-03,32.8,0.0,13.3,,1007.6,14.35,9.11,10.4,49.12,217.42,,1,1,1,0,1,0,0,0,0,0,0,0,0,0,0,0,0,0,0,0,0,0,0,0,1,0
2024-05-04,32.0,4.8,9.9,,1007.6,21.27,14.07,10.1,43.38,284.29,,1,1,1,0,1,0,0,0,0,0,0,0,0,0,0,0,0,0,0,0,0,0,0,0,1,0
2024-05-05,29.9,7.9,7.4,,1007.6,29.84,19.9,7.8,39.71,425.38,,1,1,1,0,1,0,0,0,0,0,0,0,0,0,0,0,0,0,0,0,0,0,0,0,1,0
2024-05-06,31.4,0.0,11.4,,1008.5,21.22,13.11,9.55,53.29,263.5,,1,1,1,0,1,0,0,0,0,0,0,0,0,0,0,0,0,0,0,0,0,0,0,0,1,0
2024-05-07,30.9,13.9,11.7,,1009.7,26.29,17.1,11.5,45.04,364.46,,1,1,1,0,1,0,0,0,0,0,0,0,0,0,0,0,0,0,0,0,0,0,0,0,1,0
2024-05-08,31.0,0.5,11.1,,1009.0,25.46,16.21,10.1,60.46,279.67,,1,1,1,0,1,0,0,0,0,0,0,0,0,0,0,0,0,0,0,0,0,0,0,0,1,0
2024-05-09,31.7,4.2,15.4,,1008.7,33.64,20.69,10.4,55.38,365.42,,1,1,1,0,1,0,0,0,0,0,0,0,0,0,0,0,0,0,0,0,0,0,0,0,1,0
2024-05-10,32.1,2.0,14.0,,1009.0,24.07,14.12,10.1,64.79,236.79,,1,1,1,0,1,0,0,0,0,0,0,0,0,0,0,0,0,0,0,0,0,0,0,0,1,0
2024-05-11,32.3,10.8,12.7,,1010.0,24.89,15.31,9.85,51.92,275.92,,1,1,1,0,1,0,0,0,0,0,0,0,0,0,0,0,0,0,0,0,0,0,0,0,1,0
2024-05-12,32.4,4.6,12.9,,1009.4,22.68,14.38,8.3,49.54,289.88,,1,1,1,0,1,0,0,0,0,0,0,0,0,0,0,0,0,0,0,0,0,0,0,0,1,0
2024-05-13,32.3,5.2,13.2,,1008.5,28.56,18.27,10.1,46.92,384.38,,1,1,1,0,1,0,0,0,0,0,0,0,0,0,0,0,0,0,0,0,0,0,0,0,1,0
2024-05-14,31.2,0.9,9.0,,1008.8,29.71,18.94,9.5,61.46,315.17,,1,1,1,0,1,0,0,0,0,0,0,0,0,0,0,0,0,0,0,0,0,0,0,0,1,0
2024-05-15,30.8,10.9,13.4,,1009.4,21.71,14.09,8.7,46.21,297.83,,1,1,1,0,1,0,0,0,0,0,0,0,0,0,0,0,0,0,0,0,0,0,0,0,1,0
2024-05-16,29.1,4.5,8.4,,1009.0,21.43,13.72,8.3,46.29,285.5,,1,1,1,0,1,0,0,0,0,0,0,0,0,0,0,0,0,0,0,0,0,0,0,0,1,0
2024-05-17,30.7,9.6,9.0,,1008.6,23.44,15.12,9.65,36.75,345.21,,1,1,1,0,1,0,0,0,0,0,0,0,0,0,0,0,0,0,0,0,0,0,0,0,1,0
2024-05-18,31.0,0.8,6.9,,1006.9,26.4,16.82,9.35,41.62,307.42,,1,1,1,0,1,0,0,0,0,0,0,0,0,0,0,0,0,0,0,0,0,0,0,0,1,0
2024-05-19,31.0,7.1,9.3,,1005.8,29.17,19.68,6.6,44.38,386.17,,1,1,1,0,1,0,0,0,0,0,0,0,0,0,0,0,0,0,0,0,0,0,0,0,1,0
2024-05-20,30.4,6.3,11.1,,1005.9,35.64,24.28,8.15,61.38,346.29,,1,1,1,0,1,0,0,0,0,0,0,0,0,0,0,0,0,0,0,0,0,0,0,0,1,0
2024-05-21,28.7,17.8,9.4,,1007.3,47.24,32.41,9.35,57.88,435.92,,1,1,1,0,1,0,0,0,0,0,0,0,0,0,0,0,0,0,0,0,0,0,0,0,1,0
2024-05-22,29.9,5.7,7.1,,1007.5,54.65,37.35,9.35,72.25,456.04,,1,1,1,0,1,0,0,0,0,0,0,0,0,0,0,0,0,0,0,0,0,0,0,0,1,0
2024-05-23,29.3,13.6,6.1,,1007.6,53.47,36.35,5.65,42.5,659.92,,1,1,1,0,1,0,0,0,0,0,0,0,0,0,0,0,0,0,0,0,0,0,0,0,1,0
2024-05-24,31.1,0.0,5.3,,1007.5,35.96,23.67,9.0,53.54,396.29,,1,1,1,0,1,0,0,0,0,0,0,0,0,0,0,0,0,0,0,0,0,0,0,0,1,0
2024-05-25,32.5,2.6,10.9,,1008.0,26.65,16.65,9.95,49.83,322.08,,1,1,1,0,1,0,0,0,0,0,0,0,0,0,0,0,0,0,0,0,0,0,0,0,1,0
2024-05-26,30.5,2.6,7.5,,1008.8,31.62,21.17,9.8,51.0,369.96,,1,1,1,0,1,0,0,0,0,0,0,0,0,0,0,0,0,0,0,0,0,0,0,0,1,0
2024-05-27,31.8,1.9,11.8,,1007.1,49.06,33.35,8.85,56.67,472.25,,1,1,1,0,1,0,0,0,0,0,0,0,0,0,0,0,0,0,0,0,0,0,0,0,1,0
2024-05-28,29.9,39.1,9.8,,1007.3,41.68,28.44,9.55,48.12,555.58,,1,1,1,0,1,0,0,0,0,0,0,0,0,0,0,0,0,0,0,0,0,0,0,0,1,0
2024-05-29,30.7,7.6,11.3,,1006.7,40.55,27.59,10.4,46.33,460.79,,1,1,1,0,1,0,0,0,0,0,0,0,0,0,0,0,0,0,0,0,0,0,0,0,1,0
2024-05-30,29.5,19.6,11.5,,1007.1,37.02,25.31,9.1,42.08,468.08,,1,1,1,0,1,0,0,0,0,0,0,0,0,0,0,0,0,0,0,0,0,0,0,0,1,0
2024-05-31,28.2,8.4,10.5,,1008.4,39.78,27.11,9.65,42.29,458.79,,1,1,1,0,1,0,0,0,0,0,0,0,0,0,0,0,0,0,0,0,0,0,0,0,1,0
2024-06-01,29.7,11.4,6.9,,1010.2,55.18,37.81,9.15,57.62,499.46,,1,1,1,0,1,0,0,0,0,0,0,0,0,0,0,0,0,0,0,0,0,0,0,0,1,0
2024-06-02,30.2,0.0,7.8,,1010.4,55.39,38.25,8.9,57.42,633.21,,1,1,1,0,1,0,0,0,0,0,0,0,0,0,0,0,0,0,0,0,0,0,0,0,1,0
2024-06-03,31.6,0.0,9.8,,1008.9,55.64,37.86,9.7,64.25,592.33,,1,1,1,0,1,0,0,0,0,0,0,0,0,0,0,0,0,0,0,0,0,0,0,0,1,0
2024-06-04,32.3,0.0,8.9,,1008.3,57.54,38.68,9.65,70.04,577.46,,1,1,1,0,1,0,0,0,0,0,0,0,0,0,0,0,0,0,0,0,0,0,0,0,1,0
2024-06-05,30.9,0.7,13.0,,1009.2,52.48,35.08,7.65,47.08,548.54,,1,1,1,0,1,0,0,0,0,0,0,0,0,0,0,0,0,0,0,0,0,0,0,0,1,0
2024-06-06,31.5,7.5,8.6,,1009.4,53.76,35.84,9.5,51.42,711.62,,1,1,1,0,1,0,0,0,0,0,0,0,0,0,0,0,0,0,0,0,0,0,0,0,1,0
2024-06-07,28.5,1.7,9.8,,1008.3,58.55,39.68,8.25,46.21,800.92,,1,1,1,0,1,0,0,0,0,0,0,0,0,0,0,0,0,0,0,0,0,0,0,0,1,0
2024-06-08,29.3,11.1,7.3,,1007.1,48.81,32.95,6.1,52.42,526.29,,1,1,1,0,1,0,0,0,0,0,0,0,0,0,0,0,0,0,0,0,0,0,0,0,1,0
2024-06-09,29.5,5.0,14.1,,1007.4,34.71,23.18,6.75,40.71,411.12,,1,1,1,0,1,0,0,0,0,0,0,0,0,0,0,0,0,0,0,0,0,0,0,0,1,0
2024-06-10,29.7,6.3,16.0,,1009.3,42.51,28.91,8.15,37.71,537.46,,1,1,1,0,1,0,0,0,0,0,0,0,0,0,0,0,0,0,0,0,0,0,0,0,1,0
2024-06-11,30.8,1.5,12.3,,1010.2,39.96,26.29,9.65,51.5,466.88,,1,1,1,0,1,0,0,0,0,0,0,0,0,0,0,0,0,0,0,0,0,0,0,0,1,0
2024-06-12,30.7,3.6,13.5,,1010.4,33.23,22.71,9.9,49.12,403.92,,1,1,1,0,1,0,0,0,0,0,0,0,0,0,0,0,0,0,0,0,0,0,0,0,1,0
2024-06-13,31.5,0.2,12.2,,1008.4,35.63,24.33,9.25,50.17,441.46,,1,1,1,0,1,0,0,0,0,0,0,0,0,0,0,0,0,0,0,0,0,0,0,0,1,0
2024-06-14,30.2,7.1,9.7,,1006.5,44.63,29.86,9.1,61.21,503.17,,1,1,1,0,1,0,0,0,0,0,0,0,0,0,0,0,0,0,0,0,0,0,0,0,1,0
2024-06-15,30.6,8.5,7.1,,1006.2,37.88,26.03,9.6,68.79,384.46,,1,1,1,0,1,0,0,0,0,0,0,0,0,0,0,0,0,0,0,0,0,0,0,0,1,0
2024-06-16,29.1,6.3,8.4,,1007.7,35.84,24.6,11.3,55.25,376.5,,1,1,1,0,1,0,0,0,0,0,0,0,0,0,0,0,0,0,0,0,0,0,0,0,1,0
2024-06-17,29.9,3.2,9.9,,1007.9,27.13,18.73,10.45,45.75,335.0,,1,1,1,0,1,0,0,0,0,0,0,0,0,0,0,0,0,0,0,0,0,0,0,0,1,0
2024-06-18,30.4,8.8,13.6,,1007.2,28.68,19.85,10.1,46.58,363.42,,1,1,1,0,1,0,0,0,0,0,0,0,0,0,0,0,0,0,0,0,0,0,0,0,1,0
2024-06-19,30.5,9.1,16.8,,1006.0,28.68,19.59,9.45,39.08,368.54,,1,1,1,0,1,0,0,0,0,0,0,0,0,0,0,0,0,0,0,0,0,0,0,0,1,0
2024-06-20,29.5,13.7,15.3,,1005.5,34.44,23.92,7.75,36.58,449.96,,1,1,1,0,1,0,0,0,0,0,0,0,0,0,0,0,0,0,0,0,0,0,0,0,1,0
2024-06-21,26.8,13.6,9.2,,1005.2,26.74,18.28,8.7,41.21,348.29,,1,1,1,0,1,0,0,0,0,0,0,0,0,0,0,0,0,0,0,0,0,0,0,0,1,0
2024-06-22,28.0,12.8,17.3,,1005.5,16.23,11.2,5.45,28.33,267.38,,1,1,1,0,1,0,0,0,0,0,0,0,0,0,0,0,0,0,0,0,0,0,0,0,1,0
2024-06-23,27.6,14.5,20.9,,1007.1,26.81,18.46,8.1,35.88,388.38,,1,1,1,0,1,0,0,0,0,0,0,0,0,0,0,0,0,0,0,0,0,0,0,0,1,0
2024-06-24,27.6,12.4,13.9,,1007.5,32.64,22.11,6.85,40.92,388.25,,1,1,1,0,1,0,0,0,0,0,0,0,0,0,0,0,0,0,0,0,0,0,0,0,1,0
2024-06-25,28.5,5.5,15.3,,1007.6,41.63,28.16,8.8,52.75,457.92,,1,1,1,0,1,0,0,0,0,0,0,0,0,0,0,0,0,0,0,0,0,0,0,0,1,0
2024-06-26,28.7,0.9,9.1,,1007.5,39.77,27.38,9.05,46.21,490.67,,1,1,1,0,1,0,0,0,0,0,0,0,0,0,0,0,0,0,0,0,0,0,0,0,1,0
2024-06-27,28.0,24.2,9.4,,1008.7,39.3,27.18,10.05,50.83,446.04,,1,1,1,0,1,0,0,0,0,0,0,0,0,0,0,0,0,0,0,0,0,0,0,0,1,0
2024-06-28,29.0,7.2,9.5,,1008.5,26.82,17.68,7.25,46.08,366.54,,1,1,1,0,1,0,0,0,0,0,0,0,0,0,0,0,0,0,0,0,0,0,0,0,1,0
2024-06-29,30.0,4.7,12.1,,1009.2,25.97,16.13,9.3,43.54,280.12,,1,1,1,0,1,0,0,0,0,0,0,0,0,0,0,0,0,0,0,0,0,0,0,0,1,0
2024-06-30,30.4,2.2,12.0,,1009.6,38.5,25.5,9.8,39.83,412.0,,1,1,1,0,1,0,0,0,0,0,0,0,0,0,0,0,0,0,0,0,0,0,0,0,1,0
2024-07-01,29.8,1.5,14.3,,1008.2,34.73,24.08,9.15,47.71,525.29,,1,1,1,0,1,0,0,0,0,0,0,0,0,0,0,0,0,0,0,0,0,0,0,0,1,0
2024-07-02,29.4,22.9,8.7,,1006.5,43.75,30.43,9.25,59.54,484.25,,1,1,1,0,1,0,0,0,0,0,0,0,0,0,0,0,0,0,0,0,0,0,0,0,1,0
2024-07-03,28.0,15.9,9.5,,1008.3,46.21,32.03,7.05,50.33,490.33,,1,1,1,0,1,0,0,0,0,0,0,0,0,0,0,0,0,0,0,0,0,0,0,0,1,0
2024-07-04,27.4,8.7,9.2,,1010.0,50.92,35.22,7.6,41.21,584.17,,1,1,1,0,1,0,0,0,0,0,0,0,0,0,0,0,0,0,0,0,0,0,0,0,1,0
2024-07-05,28.9,3.7,11.3,,1007.9,44.62,30.48,9.65,61.46,491.12,,1,1,1,0,1,0,0,0,0,0,0,0,0,0,0,0,0,0,0,0,0,0,0,0,1,0
2024-07-06,30.0,3.9,9.2,,1006.1,38.2,26.15,9.55,68.71,394.5,,1,1,1,0,1,0,0,0,0,0,0,0,0,0,0,0,0,0,0,0,0,0,0,0,1,0
2024-07-07,29.7,10.4,11.7,,1006.8,31.36,21.61,8.75,39.0,349.33,,1,1,1,0,1,0,0,0,0,0,0,0,0,0,0,0,0,0,0,0,0,0,0,0,1,0
2024-07-08,29.0,7.8,8.8,,1007.2,45.35,31.31,7.55,41.33,457.54,,1,1,1,0,1,0,0,0,0,0,0,0,0,0,0,0,0,0,0,0,0,0,0,0,1,0
2024-07-09,29.4,9.3,9.8,,1008.3,43.08,29.1,7.5,45.0,481.17,,1,1,1,0,1,0,0,0,0,0,0,0,0,0,0,0,0,0,0,0,0,0,0,0,1,0
2024-07-10,28.0,12.8,11.1,,1009.9,40.58,27.3,9.3,45.58,536.12,,1,1,1,0,1,0,0,0,0,0,0,0,0,0,0,0,0,0,0,0,0,0,0,0,1,0
2024-07-11,27.3,25.0,13.7,,1008.5,26.7,18.42,8.05,42.38,365.58,,1,1,1,0,1,0,0,0,0,0,0,0,0,0,0,0,0,0,0,0,0,0,0,0,1,0
2024-07-12,28.0,4.4,18.1,,1006.8,19.57,13.64,9.6,41.62,264.12,,1,1,1,0,1,0,0,0,0,0,0,0,0,0,0,0,0,0,0,0,0,0,0,0,1,0
2024-07-13,28.0,29.4,16.7,,1005.4,24.02,16.25,6.0,40.08,297.62,,1,1,1,0,1,0,0,0,0,0,0,0,0,0,0,0,0,0,0,0,0,0,0,0,1,0
2024-07-14,26.8,12.2,18.1,,1005.3,19.56,13.85,7.15,31.12,283.75,,1,1,1,0,1,0,0,0,0,0,0,0,0,0,0,0,0,0,0,0,0,0,0,0,1,0
2024-07-15,27.7,15.9,14.3,,1005.1,23.7,16.57,6.55,30.12,333.33,,1,1,1,0,1,0,0,0,0,0,0,0,0,0,0,0,0,0,0,0,0,0,0,0,1,0
2024-07-16,26.9,9.2,15.0,,1005.3,19.36,13.63,3.85,30.04,311.33,,1,1,1,0,1,0,0,0,0,0,0,0,0,0,0,0,0,0,0,0,0,0,0,0,1,0
2024-07-17,26.4,14.4,19.0,,1006.1,22.2,15.24,8.1,37.79,316.12,,1,1,1,0,1,0,0,0,0,0,0,0,0,0,0,0,0,0,0,0,0,0,0,0,1,0
2024-07-18,27.2,21.7,15.3,,1007.2,25.69,17.78,7.6,33.21,379.0,,1,1,1,0,1,0,0,0,0,0,0,0,0,0,0,0,0,0,0,0,0,0,0,0,1,0
2024-07-19,27.5,3.9,15.1,,1007.1,33.35,23.09,3.8,42.75,480.33,,1,1,1,0,1,0,0,0,0,0,0,0,0,0,0,0,0,0,0,0,0,0,0,0,1,0
2024-07-20,27.0,18.4,12.7,,1007.6,30.86,21.25,2.25,35.83,456.25,,1,1,1,0,1,0,0,0,0,0,0,0,0,0,0,0,0,0,0,0,0,0,0,0,1,0
2024-07-21,28.2,13.1,14.6,,1007.5,26.96,18.69,8.95,48.67,331.96,,1,1,1,0,1,0,0,0,0,0,0,0,0,0,0,0,0,0,0,0,0,0,0,0,1,0
2024-07-22,27.9,7.8,17.9,,1007.9,37.08,24.81,8.55,63.38,402.12,,1,1,1,0,1,0,0,0,0,0,0,0,0,0,0,0,0,0,0,0,0,0,0,0,1,0
2024-07-23,29.4,2.5,19.6,,1007.4,47.98,29.63,8.6,65.79,376.67,,1,1,1,0,1,0,0,0,0,0,0,0,0,0,0,0,0,0,0,0,0,0,0,0,1,0
2024-07-24,29.6,0.1,20.9,,1005.7,42.52,25.51,9.4,53.88,324.96,,1,1,1,0,1,0,0,0,0,0,0,0,0,0,0,0,0,0,0,0,0,0,0,0,1,0
2024-07-25,28.0,8.7,18.0,,1004.8,28.79,19.03,9.5,41.5,332.54,,1,1,1,0,1,0,0,0,0,0,0,0,0,0,0,0,0,0,0,0,0,0,0,0,1,0
2024-07-26,28.0,13.8,16.4,,1006.0,37.64,25.55,4.3,53.79,434.42,,1,1,1,0,1,0,0,0,0,0,0,0,0,0,0,0,0,0,0,0,0,0,0,0,1,0
2024-07-27,27.5,23.3,13.3,,1007.6,41.71,28.1,5.9,57.58,435.0,,1,1,1,0,1,0,0,0,0,0,0,0,0,0,0,0,0,0,0,0,0,0,0,0,1,0
2024-07-28,28.3,23.3,14.2,,1007.5,45.02,30.6,5.35,48.17,448.08,,1,1,1,0,1,0,0,0,0,0,0,0,0,0,0,0,0,0,0,0,0,0,0,0,1,0
2024-07-29,29.2,14.9,13.9,,1007.1,41.21,27.8,9.85,51.67,453.25,,1,1,1,0,1,0,0,0,0,0,0,0,0,0,0,0,0,0,0,0,0,0,0,0,1,0
2024-07-30,29.7,4.4,14.9,,1008.6,50.25,34.83,9.6,49.54,635.42,,1,1,1,0,1,0,0,0,0,0,0,0,0,0,0,0,0,0,0,0,0,0,0,0,1,0
2024-07-31,29.6,12.6,13.2,,1010.1,49.24,33.4,9.2,51.88,511.5,,1,1,1,0,1,0,0,0,0,0,0,0,0,0,0,0,0,0,0,0,0,0,0,0,1,0
2024-08-01,29.8,3.5,10.8,,1010.0,55.82,37.91,8.55,46.04,578.33,,1,1,1,0,1,0,0,0,0,0,0,0,0,0,0,0,0,0,0,0,0,0,0,0,1,0
2024-08-02,29.7,17.1,9.9,,1009.3,54.98,37.48,8.3,56.62,514.04,,1,1,1,0,1,0,0,0,0,0,0,0,0,0,0,0,0,0,0,0,0,0,0,0,1,0
2024-08-03,28.3,9.8,10.2,,1009.4,42.14,28.77,8.75,55.17,420.25,,1,1,1,0,1,0,0,0,0,0,0,0,0,0,0,0,0,0,0,0,0,0,0,0,1,0
2024-08-04,27.2,4.9,11.2,,1009.5,34.63,23.9,8.4,42.38,468.62,,1,1,1,0,1,0,0,0,0,0,0,0,0,0,0,0,0,0,0,0,0,0,0,0,1,0
2024-08-05,28.9,19.0,10.7,,1008.6,30.85,21.35,9.6,42.46,406.96,,1,1,1,0,1,0,0,0,0,0,0,0,0,0,0,0,0,0,0,0,0,0,0,0,1,0
2024-08-06,28.8,9.5,12.3,,1007.7,31.93,22.14,10.6,39.29,403.29,,1,1,1,0,1,0,0,0,0,0,0,0,0,0,0,0,0,0,0,0,0,0,0,0,1,0
2024-08-07,29.7,10.3,12.9,,1008.5,30.29,21.11,9.05,37.17,394.04,,1,1,1,0,1,0,0,0,0,0,0,0,0,0,0,0,0,0,0,0,0,0,0,0,1,0
2024-08-08,30.2,0.0,13.6,,1008.9,35.71,24.63,9.2,49.83,430.12,,1,1,1,0,1,0,0,0,0,0,0,0,0,0,0,0,0,0,0,0,0,0,0,0,1,0
2024-08-09,29.8,2.5,13.1,,1008.3,43.14,29.08,8.65,43.04,433.29,,1,1,1,0,1,0,0,0,0,0,0,0,0,0,0,0,0,0,0,0,0,0,0,0,1,0
2024-08-10,30.6,2.8,15.0,,1007.3,39.95,27.2,10.1,53.62,486.25,,1,1,1,0,1,0,0,0,0,0,0,0,0,0,0,0,0,0,0,0,0,0,0,0,1,0
2024-08-11,30.6,1.8,17.9,,1005.8,28.48,19.42,7.3,48.0,356.79,,1,1,1,0,1,0,0,0,0,0,0,0,0,0,0,0,0,0,0,0,0,0,0,0,1,0
2024-08-12,29.0,7.4,18.8,,1006.5,34.42,23.57,9.0,51.17,473.21,,1,1,1,0,1,0,0,0,0,0,0,0,0,0,0,0,0,0,0,0,0,0,0,0,1,0
2024-08-13,30.0,0.7,11.0,,1007.6,35.74,24.66,10.15,47.75,472.62,,1,1,1,0,1,0,0,0,0,0,0,0,0,0,0,0,0,0,0,0,0,0,0,0,1,0
2024-08-14,30.1,3.0,12.8,,1007.3,36.28,24.95,10.3,51.96,461.5,,1,1,1,0,1,0,0,0,0,0,0,0,0,0,0,0,0,0,0,0,0,0,0,0,1,0
2024-08-15,30.1,7.2,13.0,,1006.6,39.48,27.42,11.2,55.29,421.58,,1,1,1,0,1,0,0,0,0,0,0,0,0,0,0,0,0,0,0,0,0,0,0,0,1,0
2024-08-16,30.0,6.9,12.5,,1006.8,41.73,28.66,10.65,51.92,464.25,,1,1,1,0,1,0,0,0,0,0,0,0,0,0,0,0,0,0,0,0,0,0,0,0,1,0
2024-08-17,29.4,7.5,9.0,,1008.2,47.72,32.2,9.25,37.96,505.38,,1,1,1,0,1,0,0,0,0,0,0,0,0,0,0,0,0,0,0,0,0,0,0,0,1,0
2024-08-18,30.8,0.1,9.0,,1008.4,37.31,24.91,10.25,48.17,373.08,,1,1,1,0,1,0,0,0,0,0,0,0,0,0,0,0,0,0,0,0,0,0,0,0,1,0
2024-08-19,30.3,0.0,11.1,,1008.1,35.75,24.07,10.45,45.79,401.04,,1,1,1,0,1,0,0,0,0,0,0,0,0,0,0,0,0,0,0,0,0,0,0,0,1,0
2024-08-20,29.6,0.8,9.6,,1008.7,42.43,28.98,10.1,47.29,475.46,,1,1,1,0,1,0,0,0,0,0,0,0,0,0,0,0,0,0,0,0,0,0,0,0,1,0
2024-08-21,29.7,1.6,8.0,,1009.7,34.38,23.38,9.3,43.0,450.08,,1,1,1,0,1,0,0,0,0,0,0,0,0,0,0,0,0,0,0,0,0,0,0,0,1,0
2024-08-22,30.0,2.0,8.0,,1009.4,32.92,22.12,9.4,31.33,434.71,,1,1,1,0,1,0,0,0,0,0,0,0,0,0,0,0,0,0,0,0,0,0,0,0,1,0
2024-08-23,28.7,3.1,8.4,,1010.2,46.1,31.72,8.25,33.12,495.88,,1,1,1,0,1,0,0,0,0,0,0,0,0,0,0,0,0,0,0,0,0,0,0,0,1,0
2024-08-24,28.8,1.4,6.9,,1009.6,57.04,39.74,8.95,61.96,487.67,,1,1,1,0,1,0,0,0,0,0,0,0,0,0,0,0,0,0,0,0,0,0,0,0,1,0
2024-08-25,27.5,3.4,9.5,,1008.7,36.85,25.79,6.5,42.62,434.12,,1,1,1,0,1,0,0,0,0,0,0,0,0,0,0,0,0,0,0,0,0,0,0,0,1,0
2024-08-26,28.1,6.7,9.6,,1008.4,31.08,21.7,9.15,40.58,381.83,,1,1,1,0,1,0,0,0,0,0,0,0,0,0,0,0,0,0,0,0,0,0,0,0,1,0
2024-08-27,27.8,6.6,9.4,,1008.8,29.21,20.33,4.3,34.04,374.67,,1,1,1,0,1,0,0,0,0,0,0,0,0,0,0,0,0,0,0,0,0,0,0,0,1,0
2024-08-28,27.7,,12.9,,1008.6,26.98,18.56,9.55,35.08,393.79,,1,1,1,0,1,0,0,0,0,0,0,0,0,0,0,0,0,0,0,1,0,0,0,0,1,0
2024-08-29,28.2,,17.2,,1008.8,28.08,19.47,6.75,29.29,457.33,,1,1,1,0,1,0,0,0,0,0,0,0,0,0,0,0,0,0,0,1,0,0,0,0,1,0
2024-08-30,28.5,,15.4,,1009.1,27.35,18.9,10.65,36.38,427.54,,1,1,1,0,1,0,0,0,0,0,0,0,0,0,0,0,0,0,0,1,0,0,0,0,1,0
2024-08-31,27.0,,9.2,,1008.8,37.02,25.47,10.0,38.04,544.5,,1,1,1,0,1,0,0,0,0,0,0,0,0,0,0,0,0,0,0,1,0,0,0,0,1,0
2024-09-01,26.6,,9.7,,1008.1,34.7,23.98,5.1,28.71,497.5,,1,1,1,0,1,0,0,0,0,0,0,0,0,0,0,0,0,0,0,1,0,0,0,0,1,0
2024-09-02,26.6,,9.0,,1008.3,20.31,14.09,7.85,31.58,333.33,,1,1,1,0,1,0,0,0,0,0,0,0,0,0,0,0,0,0,0,1,0,0,0,0,1,0
2024-09-03,28.0,,15.7,,1008.7,29.99,20.42,11.15,33.17,398.17,,1,1,1,0,1,0,0,0,0,0,0,0,0,0,0,0,0,0,0,1,0,0,0,0,1,0
2024-09-04,26.5,,12.9,,1007.5,17.71,12.05,11.9,36.62,288.92,,1,1,1,0,1,0,0,0,0,0,0,0,0,0,0,0,0,0,0,1,0,0,0,0,1,0
2024-09-05,28.5,13.7,15.8,,1004.6,22.76,15.63,8.15,30.54,353.29,,1,1,1,0,1,0,0,0,0,0,0,0,0,0,0,0,0,0,0,0,0,0,0,0,1,0
2024-09-06,28.2,10.9,20.1,,1004.7,17.28,11.76,7.15,34.92,267.71,,1,1,1,0,1,0,0,0,0,0,0,0,0,0,0,0,0,0,0,0,0,0,0,0,1,0
2024-09-07,28.9,12.4,20.8,,1007.0,19.41,13.08,4.4,31.88,294.33,,1,1,1,0,1,0,0,0,0,0,0,0,0,0,0,0,0,0,0,0,0,0,0,0,1,0
2024-09-08,28.8,26.4,16.4,,1008.6,29.61,19.91,8.55,35.04,400.67,,1,1,1,0,1,0,0,0,0,0,0,0,0,0,0,0,0,0,0,0,0,0,0,0,1,0
2024-09-09,29.8,5.8,15.0,,1006.9,34.04,23.18,10.25,34.21,505.75,,1,1,1,0,1,0,0,0,0,0,0,0,0,0,0,0,0,0,0,0,0,0,0,0,1,0
2024-09-10,29.2,20.6,11.5,,1006.1,40.5,26.71,10.55,44.04,460.88,,1,1,1,0,1,0,0,0,0,0,0,0,0,0,0,0,0,0,0,0,0,0,0,0,1,0
2024-09-11,27.8,6.3,8.8,,1007.7,43.31,29.19,7.6,34.67,533.79,,1,1,1,0,1,0,0,0,0,0,0,0,0,0,0,0,0,0,0,0,0,0,0,0,1,0
2024-09-12,28.3,14.7,8.7,,1008.1,34.57,23.55,9.55,48.17,414.46,,1,1,1,0,1,0,0,0,0,0,0,0,0,0,0,0,0,0,0,0,0,0,0,0,1,0
2024-09-13,27.8,21.3,12.4,,1006.6,23.12,15.91,9.8,33.12,340.67,,1,1,1,0,1,0,0,0,0,0,0,0,0,0,0,0,0,0,0,0,0,0,0,0,1,0
2024-09-14,28.0,20.6,15.5,,1005.2,16.21,11.33,3.3,18.08,349.17,,1,1,1,0,1,0,0,0,0,0,0,0,0,0,0,0,0,0,0,0,0,0,0,0,1,0
2024-09-15,27.5,9.3,13.5,,1004.7,22.28,15.29,7.3,28.42,352.17,,1,1,1,0,1,0,0,0,0,0,0,0,0,0,0,0,0,0,0,0,0,0,0,0,1,0
2024-09-16,27.8,23.6,14.5,,1003.8,22.41,15.2,10.45,45.54,293.92,,1,1,1,0,1,0,0,0,0,0,0,0,0,0,0,0,0,0,0,0,0,0,0,0,1,0
2024-09-17,26.7,20.8,13.1,,1002.7,19.63,13.73,6.8,43.79,360.38,,1,1,1,0,1,0,0,0,0,0,0,0,0,0,0,0,0,0,0,0,0,0,0,0,1,0
2024-09-18,25.5,25.4,8.5,,1001.5,24.41,17.14,7.6,50.17,401.5,,1,1,1,0,1,0,0,0,0,0,0,0,0,0,0,0,0,0,0,0,0,0,0,0,1,0
2024-09-19,28.1,3.4,18.1,,1001.9,16.8,11.62,4.55,46.46,283.0,,1,1,1,0,1,0,0,0,0,0,0,0,0,0,0,0,0,0,0,0,0,0,0,0,1,0
2024-09-20,27.0,8.8,15.3,,1004.0,19.09,12.84,6.25,43.62,280.67,,1,1,1,0,1,0,0,0,0,0,0,0,0,0,0,0,0,0,0,0,0,0,0,0,1,0
2024-09-21,26.1,17.3,15.2,,1006.3,20.17,13.51,10.65,36.71,300.5,,1,1,1,0,1,0,0,0,0,0,0,0,0,0,0,0,0,0,0,0,0,0,0,0,1,0
2024-09-22,26.4,10.7,8.2,,1007.7,32.55,22.19,2.7,26.0,508.79,,1,1,1,0,1,0,0,0,0,0,0,0,0,0,0,0,0,0,0,0,0,0,0,0,1,0
2024-09-23,27.8,27.3,8.5,,1009.5,38.31,24.53,7.25,28.92,479.67,,1,1,1,0,1,0,0,0,0,0,0,0,0,0,0,0,0,0,0,0,0,0,0,0,1,0
2024-09-24,28.2,4.9,4.6,,1009.5,54.68,36.48,6.3,33.12,649.92,,1,1,1,0,1,0,0,0,0,0,0,0,0,0,0,0,0,0,0,0,0,0,0,0,1,0
2024-09-25,28.4,3.4,6.0,,1009.9,43.56,28.77,9.75,53.38,530.71,,1,1,1,0,1,0,0,0,0,0,0,0,0,0,0,0,0,0,0,0,0,0,0,0,1,0
2024-09-26,28.5,8.3,9.2,,1009.8,27.13,17.46,10.4,34.62,356.0,,1,1,1,0,1,0,0,0,0,0,0,0,0,0,0,0,0,0,0,0,0,0,0,0,1,0
2024-09-27,28.7,5.4,9.8,,1009.5,22.82,15.28,7.85,34.25,378.79,,1,1,1,0,1,0,0,0,0,0,0,0,0,0,0,0,0,0,0,0,0,0,0,0,1,0
2024-09-28,29.8,0.6,9.1,,1008.8,25.57,16.59,9.25,35.67,373.5,,1,1,1,0,1,0,0,0,0,0,0,0,0,0,0,0,0,0,0,0,0,0,0,0,1,0
2024-09-29,30.5,3.1,10.9,,1008.3,56.98,39.05,8.9,67.71,549.79,,1,1,1,0,1,0,0,0,0,0,0,0,0,0,0,0,0,0,0,0,0,0,0,0,1,0
2024-09-30,30.3,17.9,12.5,,1007.4,36.58,25.04,8.95,46.25,469.75,,1,1,1,0,1,0,0,0,0,0,0,0,0,0,0,0,0,0,0,0,0,0,0,0,1,0
2024-10-01,29.3,6.1,10.2,,1007.1,36.12,24.67,10.15,39.21,447.79,,1,1,1,0,1,0,0,0,0,0,0,0,0,0,0,0,0,0,0,0,0,0,0,0,1,0
2024-10-02,29.8,5.2,8.4,,1008.8,32.93,22.34,7.6,44.12,429.38,,1,1,1,0,1,0,0,0,0,0,0,0,0,0,0,0,0,0,0,0,0,0,0,0,1,0
2024-10-03,27.4,22.5,8.4,,1009.8,31.46,21.53,8.6,39.12,454.79,,1,1,1,0,1,0,0,0,0,0,0,0,0,0,0,0,0,0,0,0,0,0,0,0,1,0
2024-10-04,27.8,4.5,8.7,,1009.7,50.38,34.66,10.05,70.62,578.58,,1,1,1,0,1,0,0,0,0,0,0,0,0,0,0,0,0,0,0,0,0,0,0,0,1,0
2024-10-05,27.9,0.7,7.2,,1009.0,56.42,37.6,9.6,91.21,591.71,,1,1,1,0,1,0,0,0,0,0,0,0,0,0,0,0,0,0,0,0,0,0,0,0,1,0
2024-10-06,27.8,12.5,8.8,,1009.8,53.91,36.89,6.1,73.58,559.42,,1,1,1,0,1,0,0,0,0,0,0,0,0,0,0,0,0,0,0,0,0,0,0,0,1,0
2024-10-07,28.6,12.0,7.4,,1010.4,48.73,33.42,7.9,82.75,561.96,,1,1,1,0,1,0,0,0,0,0,0,0,0,0,0,0,0,0,0,0,0,0,0,0,1,0
2024-10-08,27.0,11.2,7.4,,1010.0,50.32,34.44,7.05,66.08,603.96,,1,1,1,0,1,0,0,0,0,0,0,0,0,0,0,0,0,0,0,0,0,0,0,0,1,0
2024-10-09,27.5,13.2,6.5,,1009.1,36.46,24.32,9.15,39.25,485.54,,1,1,1,0,1,0,0,0,0,0,0,0,0,0,0,0,0,0,0,0,0,0,0,0,1,0
2024-10-10,27.3,4.3,7.5,,1008.6,37.64,24.62,10.1,43.83,511.83,,1,1,1,0,1,0,0,0,0,0,0,0,0,0,0,0,0,0,0,0,0,0,0,0,1,0
2024-10-11,28.7,7.2,6.9,,1008.3,49.11,32.67,8.7,44.62,604.92,,1,1,1,0,1,0,0,0,0,0,0,0,0,0,0,0,0,0,0,0,0,0,0,0,1,0
2024-10-12,28.5,9.8,8.7,,1009.0,44.06,29.94,6.9,35.62,667.92,,1,1,1,0,1,0,0,0,0,0,0,0,0,0,0,0,0,0,0,0,0,0,0,0,1,0
2024-10-13,27.7,7.0,9.5,,1008.9,39.78,27.26,9.9,74.42,514.71,,1,1,1,0,1,0,0,0,0,0,0,0,0,0,0,0,0,0,0,0,0,0,0,0,1,0
2024-10-14,28.2,6.7,7.6,,1008.3,59.68,40.65,7.25,69.46,613.46,,1,1,1,0,1,0,0,0,0,0,0,0,0,0,0,0,0,0,0,0,0,0,0,0,1,0
2024-10-15,28.0,11.7,5.1,,1009.0,37.77,25.55,5.95,50.88,497.79,,1,1,1,0,1,0,0,0,0,0,0,0,0,0,0,0,0,0,0,0,0,0,0,0,1,0
2024-10-16,27.1,16.4,8.6,,1009.7,29.88,20.6,5.8,31.62,483.42,,1,1,1,0,1,0,0,0,0,0,0,0,0,0,0,0,0,0,0,0,0,0,0,0,1,0
2024-10-17,27.0,13.2,6.5,,1009.8,29.35,20.2,6.8,34.17,494.71,,1,1,1,0,1,0,0,0,0,0,0,0,0,0,0,0,0,0,0,0,0,0,0,0,1,0
2024-10-18,26.7,11.0,6.9,,1009.5,25.42,17.72,6.1,29.08,425.79,,1,1,1,0,1,0,0,0,0,0,0,0,0,0,0,0,0,0,0,0,0,0,0,0,1,0
2024-10-19,28.0,17.5,8.7,,1010.0,28.91,19.92,5.85,26.58,486.38,,1,1,1,0,1,0,0,0,0,0,0,0,0,0,0,0,0,0,0,0,0,0,0,0,1,0
2024-10-20,27.8,32.1,7.9,,1010.8,43.93,30.31,8.15,38.33,506.88,,1,1,1,0,1,0,0,0,0,0,0,0,0,0,0,0,0,0,0,0,0,0,0,0,1,0
2024-10-21,27.2,24.4,9.6,,1009.5,34.52,23.94,8.0,49.54,509.04,,1,1,1,0,1,0,0,0,0,0,0,0,0,0,0,0,0,0,0,0,0,0,0,0,1,0
2024-10-22,27.6,12.9,8.4,,1008.5,29.3,20.26,9.3,45.62,433.38,,1,1,1,0,1,0,0,0,0,0,0,0,0,0,0,0,0,0,0,0,0,0,0,0,1,0
2024-10-23,28.0,12.8,9.7,,1008.7,46.58,32.0,2.4,31.38,718.12,,1,1,1,0,1,0,0,0,0,0,0,0,0,0,0,0,0,0,0,0,0,0,0,0,1,0
2024-10-24,29.5,0.4,9.4,,1007.9,42.33,28.79,8.75,73.88,715.17,,1,1,1,0,1,0,0,0,0,0,0,0,0,0,0,0,0,0,0,0,0,0,0,0,1,0
2024-10-25,29.1,0.1,11.2,,1007.1,43.0,29.49,9.2,62.12,706.83,,1,1,1,0,1,0,0,0,0,0,0,0,0,0,0,0,0,0,0,0,0,0,0,0,1,0
2024-10-26,29.3,0.0,14.2,,1005.3,48.53,33.35,6.6,60.08,707.5,457.42,1,1,0,0,0,0,0,0,0,0,0,0,0,0,0,0,0,0,0,0,0,0,0,0,1,0
2024-10-27,26.2,9.9,9.2,,1004.9,30.36,20.46,4.85,43.04,839.0,454.58,1,1,0,0,0,0,0,0,0,0,0,0,0,0,0,0,0,0,0,0,0,0,0,0,1,0
2024-10-28,25.2,44.3,9.2,,1005.7,22.14,15.3,3.5,32.38,641.0,449.62,1,1,0,0,0,0,0,0,0,0,0,0,0,0,0,0,0,0,0,0,0,0,0,0,1,0
2024-10-29,27.2,6.1,10.5,,1007.4,48.09,33.57,6.35,47.96,693.38,454.71,1,1,0,0,0,0,0,0,0,0,0,0,0,0,0,0,0,0,0,0,0,0,0,0,1,0
2024-10-30,29.0,3.3,12.0,,1008.6,31.42,21.9,8.85,71.54,828.54,458.54,1,1,0,0,0,0,0,0,0,0,0,0,0,0,0,0,0,0,0,0,0,0,0,0,1,0
2024-10-31,28.3,1.0,9.8,,1008.1,36.16,25.28,8.55,66.54,751.25,460.17,1,1,0,0,0,0,0,0,0,0,0,0,0,0,0,0,0,0,0,0,0,0,0,0,1,0
2024-11-01,29.2,9.0,9.4,,1008.2,44.24,30.82,8.2,90.21,910.58,457.5,1,1,0,0,0,0,0,0,0,0,0,0,0,0,0,0,0,0,0,0,0,0,0,0,1,0
2024-11-02,28.8,13.3,13.8,,1009.6,32.11,21.62,7.05,54.67,920.96,463.75,1,1,0,0,0,0,0,0,0,0,0,0,0,0,0,0,0,0,0,0,0,0,0,0,1,0
2024-11-03,27.1,0.0,6.7,,1009.8,50.58,34.95,8.55,69.92,1018.46,467.29,1,1,0,0,0,0,0,0,0,0,0,0,0,0,0,0,0,0,0,0,0,0,0,0,1,0
2024-11-04,28.1,11.8,7.6,,1009.6,36.05,24.5,8.15,44.21,1192.71,470.5,1,1,0,0,0,0,0,0,0,0,0,0,0,0,0,0,0,0,0,0,0,0,0,0,1,0
2024-11-05,27.5,7.7,7.8,,1010.1,44.93,30.41,8.6,50.54,1401.25,469.96,1,1,0,0,0,0,0,0,0,0,0,0,0,0,0,0,0,0,0,0,0,0,0,0,1,0
2024-11-06,27.5,5.6,7.6,,1010.5,62.54,42.74,8.3,82.12,823.38,462.42,1,1,0,0,0,0,0,0,0,0,0,0,0,0,0,0,0,0,0,0,0,0,0,0,1,0
2024-11-07,28.2,1.6,5.3,,1010.3,41.18,27.75,8.7,47.79,975.25,467.29,1,1,0,0,0,0,0,0,0,0,0,0,0,0,0,0,0,0,0,0,0,0,0,0,1,0
2024-11-08,27.4,2.9,6.6,,1010.1,48.8,32.85,4.8,33.67,1579.62,489.75,1,1,0,0,0,0,0,0,0,0,0,0,0,0,0,0,0,0,0,0,0,0,0,0,1,0
2024-11-09,27.5,8.3,7.0,,1010.0,50.75,33.68,8.0,54.62,1434.29,486.71,1,1,0,0,0,0,0,0,0,0,0,0,0,0,0,0,0,0,0,0,0,0,0,0,1,0
2024-11-10,28.1,1.0,7.3,,1010.3,52.93,33.67,7.45,82.88,1917.54,492.92,1,1,0,0,0,0,0,0,0,0,0,0,0,0,0,0,0,0,0,0,0,0,0,0,1,0
2024-11-11,29.0,0.0,7.0,,1009.2,43.45,28.58,7.9,79.75,861.79,465.71,1,1,0,0,0,0,0,0,0,0,0,0,0,0,0,0,0,0,0,0,0,0,0,0,1,0
2024-11-12,29.4,0.7,7.9,,1008.3,45.82,37.53,4.6,73.5,992.25,456.04,1,1,0,0,0,0,0,0,0,0,0,0,0,0,0,0,0,0,0,0,0,0,0,0,1,0
2024-11-13,28.5,1.6,10.1,,1008.0,26.89,26.2,5.7,70.67,1016.46,459.71,1,1,0,0,0,0,0,0,0,0,0,0,0,0,0,0,0,0,0,0,0,0,0,0,1,0
2024-11-14,29.2,0.0,12.3,,1008.7,15.56,14.32,8.1,58.42,679.12,454.5,1,1,0,0,0,0,0,0,0,0,0,0,0,0,0,0,0,0,0,0,0,0,0,0,1,0
2024-11-15,28.8,0.2,9.5,,1008.7,27.44,25.48,6.25,63.12,841.88,457.08,1,1,0,0,0,0,0,0,0,0,0,0,0,0,0,0,0,0,0,0,0,0,0,0,1,0
2024-11-16,29.4,0.0,10.8,,1008.3,20.46,18.66,7.25,63.29,757.92,456.88,1,1,0,0,0,0,0,0,0,0,0,0,0,0,0,0,0,0,0,0,0,0,0,0,1,0
2024-11-17,28.9,0.2,9.2,,1008.4,25.83,24.98,7.45,63.54,885.88,467.38,1,1,0,0,0,0,0,0,0,0,0,0,0,0,0,0,0,0,0,0,0,0,0,0,1,0
2024-11-18,29.1,0.0,6.9,,1008.3,31.62,30.02,8.15,63.12,943.42,471.38,1,1,0,0,0,0,0,0,0,0,0,0,0,0,0,0,0,0,0,0,0,0,0,0,1,0
2024-11-19,29.6,0.8,8.3,,1009.1,41.3,38.85,6.85,44.54,1004.75,471.25,1,1,0,0,0,0,0,0,0,0,0,0,0,0,0,0,0,0,0,0,0,0,0,0,1,0
2024-11-20,28.6,5.5,6.6,,1008.8,37.31,35.53,7.15,49.42,920.29,463.38,1,1,0,0,0,0,0,0,0,0,0,0,0,0,0,0,0,0,0,0,0,0,0,0,1,0
2024-11-21,28.9,9.2,7.6,,1007.9,35.74,34.68,8.85,46.5,1063.58,466.75,1,1,0,0,0,0,0,0,0,0,0,0,0,0,0,0,0,0,0,0,0,0,0,0,1,0
2024-11-22,28.5,0.7,5.9,,1008.4,33.74,31.74,8.15,38.33,967.96,463.38,1,1,0,0,0,0,0,0,0,0,0,0,0,0,0,0,0,0,0,0,0,0,0,0,1,0
2024-11-23,28.2,0.3,5.7,,1009.1,54.94,51.91,7.0,45.17,1203.92,464.58,1,1,0,0,0,0,0,0,0,0,0,0,0,0,0,0,0,0,0,0,0,0,0,0,1,0
2024-11-24,29.7,7.1,7.0,,1009.1,30.88,29.07,7.05,39.54,1391.17,469.88,1,1,0,0,0,0,0,0,0,0,0,0,0,0,0,0,0,0,0,0,0,0,0,0,1,0
2024-11-25,29.2,0.0,8.3,,1008.8,40.79,38.06,7.75,39.88,980.88,466.33,1,1,0,0,0,0,0,0,0,0,0,0,0,0,0,0,0,0,0,0,0,0,0,0,1,0
2024-11-26,28.6,0.0,8.2,,1008.4,29.03,27.52,7.6,44.79,1160.46,474.54,1,1,0,0,0,0,0,0,0,0,0,0,0,0,0,0,0,0,0,0,0,0,0,0,1,0
2024-11-27,29.0,0.1,9.0,,1008.4,32.34,30.27,7.2,46.25,809.25,460.33,1,1,0,0,0,0,0,0,0,0,0,0,0,0,0,0,0,0,0,0,0,0,0,0,1,0
2024-11-28,28.5,0.8,14.3,,1009.8,15.69,14.86,7.65,72.92,710.67,454.29,1,1,0,0,0,0,0,0,0,0,0,0,0,0,0,0,0,0,0,0,0,0,0,0,1,0
2024-11-29,27.1,2.2,10.2,,1009.8,27.74,26.71,6.95,51.92,780.92,458.62,1,1,0,0,0,0,0,0,0,0,0,0,0,0,0,0,0,0,0,0,0,0,0,0,1,0
2024-11-30,26.5,7.6,8.8,,1009.0,37.82,35.64,7.4,52.75,868.12,467.33,1,1,0,0,0,0,0,0,0,0,0,0,0,0,0,0,0,0,0,0,0,0,0,0,1,0
2024-12-01,27.6,0.1,8.0,,1007.8,40.55,39.15,6.95,84.33,996.96,471.21,1,1,0,0,0,0,0,0,0,0,0,0,0,0,0,0,0,0,0,0,0,0,0,0,1,0
2024-12-02,28.6,0.4,7.2,,1007.0,38.33,35.83,6.25,42.88,1251.96,471.5,1,1,0,0,0,0,0,0,0,0,0,0,0,0,0,0,0,0,0,0,0,0,0,0,1,0
2024-12-03,26.7,2.4,6.0,,1008.0,45.7,44.15,3.65,26.62,1208.92,474.67,1,1,0,0,0,0,0,0,0,0,0,0,0,0,0,0,0,0,0,0,0,0,0,0,1,0
2024-12-04,26.5,8.9,7.8,,1008.0,50.62,49.32,4.7,48.83,1190.62,469.71,1,1,0,0,0,0,0,0,0,0,0,0,0,0,0,0,0,0,0,0,0,0,0,0,1,0
2024-12-05,27.6,13.4,6.7,,1007.7,34.47,33.57,6.1,37.75,1091.29,466.67,1,1,0,0,0,0,0,0,0,0,0,0,0,0,0,0,0,0,0,0,0,0,0,0,1,0
2024-12-06,28.8,2.1,8.1,,1007.8,22.93,21.42,7.0,50.04,1018.58,463.83,1,1,0,0,0,0,0,0,0,0,0,0,0,0,0,0,0,0,0,0,0,0,0,0,1,0
2024-12-07,27.8,8.2,7.6,,1008.8,31.19,30.21,6.7,37.33,1548.46,479.5,1,1,0,0,0,0,0,0,0,0,0,0,0,0,0,0,0,0,0,0,0,0,0,0,1,0
2024-12-08,28.1,0.8,10.0,,1009.7,22.24,21.65,7.4,56.58,1046.83,461.08,1,1,0,0,0,0,0,0,0,0,0,0,0,0,0,0,0,0,0,0,0,0,0,0,1,0
2024-12-09,28.2,0.0,9.5,,1009.4,32.38,31.41,4.65,38.71,660.46,457.38,1,1,0,0,0,0,0,0,0,0,0,0,0,0,0,0,0,0,0,0,0,0,0,0,1,0
2024-12-10,28.0,,10.4,,1008.9,16.05,15.65,5.95,42.96,534.42,451.83,1,1,0,0,0,0,0,0,0,0,0,0,0,0,0,0,0,0,0,1,0,0,0,0,1,0
2024-12-11,27.0,,8.3,,1008.2,16.8,16.21,3.05,26.17,852.0,460.62,1,1,0,0,0,0,0,0,0,0,0,0,0,0,0,0,0,0,0,1,0,0,0,0,1,0
2024-12-12,27.2,,8.2,,1007.7,19.53,18.61,5.85,34.08,919.62,460.33,1,1,0,0,0,0,0,0,0,0,0,0,0,0,0,0,0,0,0,1,0,0,0,0,1,0
2024-12-13,26.8,,7.2,,1008.8,16.18,15.21,6.9,48.21,1146.96,466.12,1,1,0,0,0,0,0,0,0,0,0,0,0,0,0,0,0,0,0,1,0,0,0,0,1,0
2024-12-14,26.2,4.7,8.6,,1009.8,19.18,18.12,4.2,35.12,1793.58,483.29,1,1,0,0,0,0,0,0,0,0,0,0,0,0,0,0,0,0,0,0,0,0,0,0,1,0
2024-12-15,25.6,15.0,5.1,,1011.1,19.36,18.61,3.2,42.12,935.71,467.5,1,1,0,0,0,0,0,0,0,0,0,0,0,0,0,0,0,0,0,0,0,0,0,0,1,0
2024-12-16,26.5,0.0,5.7,,1011.5,24.64,24.22,4.9,43.12,777.38,459.88,1,1,0,0,0,0,0,0,0,0,0,0,0,0,0,0,0,0,0,0,0,0,0,0,1,0
2024-12-17,27.0,0.0,7.5,,1010.7,51.71,49.85,7.7,61.96,1247.0,466.54,1,1,0,0,0,0,0,0,0,0,0,0,0,0,0,0,0,0,0,0,0,0,0,0,1,0
2024-12-18,27.2,0.0,6.9,,1010.0,41.35,40.52,7.75,58.38,845.0,456.96,1,1,0,0,0,0,0,0,0,0,0,0,0,0,0,0,0,0,0,0,0,0,0,0,1,0
2024-12-19,27.7,0.0,9.0,,1010.0,30.48,29.07,8.4,56.46,681.17,454.79,1,1,0,0,0,0,0,0,0,0,0,0,0,0,0,0,0,0,0,0,0,0,0,0,1,0
2024-12-20,26.5,0.0,8.2,,1010.0,39.55,37.53,5.8,56.21,1289.92,470.92,1,1,0,0,0,0,0,0,0,0,0,0,0,0,0,0,0,0,0,0,0,0,0,0,1,0
2024-12-21,26.0,0.0,5.9,,1010.7,48.03,46.24,5.55,55.38,1122.75,468.42,1,1,0,0,0,0,0,0,0,0,0,0,0,0,0,0,0,0,0,0,0,0,0,0,1,0
2024-12-22,24.3,0.0,8.7,,1010.2,42.26,41.6,5.35,40.92,681.42,459.33,1,1,0,0,0,0,0,0,0,0,0,0,0,0,0,0,0,0,0,0,0,0,0,0,1,0
2024-12-23,25.9,0.0,8.8,,1009.0,19.43,19.17,8.8,62.75,651.58,457.21,1,1,0,0,0,0,0,0,0,0,0,0,0,0,0,0,0,0,0,0,0,0,0,0,1,0
2024-12-24,27.4,0.3,13.9,,1009.6,10.38,10.32,5.4,63.0,586.75,454.08,1,1,0,0,0,0,0,0,0,0,0,0,0,0,0,0,0,0,0,0,0,0,0,0,1,0
2024-12-25,28.0,0.3,15.2,,1010.2,17.73,17.62,8.75,47.79,566.33,456.21,1,1,0,0,0,0,0,0,0,0,0,0,0,0,0,0,0,0,0,0,0,0,0,0,1,0
2024-12-26,28.5,3.2,9.6,,1011.5,19.9,18.88,6.5,42.58,1012.71,469.0,1,1,0,0,0,0,0,0,0,0,0,0,0,0,0,0,0,0,0,0,0,0,0,0,1,0
2024-12-27,27.1,11.7,8.1,,1012.2,26.64,25.11,7.6,38.25,1084.42,472.54,1,1,0,0,0,0,0,0,0,0,0,0,0,0,0,0,0,0,0,0,0,0,0,0,1,0
2024-12-28,27.1,8.0,6.4,,1012.2,36.57,35.31,7.05,39.46,967.29,468.29,1,1,0,0,0,0,0,0,0,0,0,0,0,0,0,0,0,0,0,0,0,0,0,0,1,0
2024-12-29,27.3,0.0,9.1,,1011.7,36.42,35.28,8.45,52.83,758.83,462.75,1,1,0,0,0,0,0,0,0,0,0,0,0,0,0,0,0,0,0,0,0,0,0,0,1,0
2024-12-30,26.7,0.0,8.4,,1011.5,55.94,54.4,7.8,65.79,1246.0,477.75,1,1,0,0,0,0,0,0,0,0,0,0,0,0,0,0,0,0,0,0,0,0,0,0,1,0
2024-12-31,27.8,0.0,9.0,,1010.6,28.85,28.26,5.95,40.21,611.17,455.5,1,1,0,0,0,0,0,0,0,0,0,0,0,0,0,0,0,0,0,0,0,0,0,0,1,0
