month,month_name,temp_index,precip_index,wind_index,pressure_index,pm2_5_index,pm10_index,uv_index
1,January,97.99,0.2,69.85,100.31,108.76,116.82,100.08
2,February,100.78,0.93,108.19,100.36,62.16,68.73,122.58
3,March,103.25,1.0,121.58,100.2,72.51,82.19,128.23
4,April,108.64,5.05,119.48,99.93,55.09,63.25,122.92
5,May,106.51,142.19,96.17,99.87,89.57,95.58,106.18
6,June,102.05,135.47,106.19,99.88,117.34,121.44,99.4
7,July,97.31,249.99,128.86,99.8,107.74,111.24,86.62
8,August,100.29,92.84,105.46,99.92,114.02,116.6,103.13
9,September,96.24,228.04,112.1,99.76,86.3,89.54,90.58
10,October,95.83,226.11,79.32,99.94,120.3,123.48,85.38
11,November,97.82,65.31,76.68,99.99,134.63,115.58,84.02
12,December,93.29,52.87,76.13,100.05,131.57,95.55,70.9
