month,month_name,year,temp_mean,temp_p50,temp_p95,temp_min,temp_max,precip_total,rainy_days,precip_mean_per_rainy_day,wind_speed_mean,wind_speed_max,pressure_mean,pressure_std,pressure_min,pressure_max,pm2_5_mean,pm2_5_p50,pm2_5_p95,pm2_5_exceed_days,pm10_mean,pm10_p50,pm10_p95,pm10_exceed_days,uv_max_mean,uv_max_p95,ozone_mean,co_mean,data_days
1,January,2024,28.52,28.6,29.25,27.1,29.3,0.3,0,,7.67,11.3,1012.39,1.64,1010.6,1016.2,24.6,23.25,39.25,12,37.68,36.44,58.9,6,8.85,11.02,73.12,486.25,31
2,February,2024,29.33,29.2,30.46,28.1,30.8,1.4,1,1.2,11.88,15.8,1012.84,1.37,1010.2,1016.2,14.06,13.49,19.15,0,22.17,21.21,30.0,0,10.84,12.73,66.62,311.61,29
3,March,2024,30.05,30.0,31.0,29.0,31.2,1.5,0,,13.35,18.4,1011.25,1.12,1008.8,1012.8,16.4,15.65,24.82,2,26.51,25.15,39.56,1,11.34,13.52,69.83,299.74,31
4,April,2024,31.62,31.45,32.86,30.7,33.0,7.6,2,2.15,13.12,16.3,1008.52,1.19,1006.4,1010.8,12.46,11.69,17.81,0,20.4,19.31,29.91,0,10.87,12.96,54.44,231.63,30
5,May,2024,31.0,31.0,32.85,28.2,32.9,213.8,23,9.16,10.56,15.4,1007.93,1.14,1005.7,1010.0,20.26,18.27,34.85,8,30.83,28.56,51.26,4,9.39,11.02,50.23,359.87,31
6,June,2024,29.7,29.8,31.56,26.8,32.3,203.7,24,8.41,11.66,20.9,1008.03,1.5,1005.2,1010.4,26.54,25.76,38.49,16,39.17,38.19,56.68,8,8.79,10.29,48.48,459.24,30
7,July,2024,28.32,28.0,29.75,26.4,30.0,375.9,30,12.53,14.15,20.9,1007.22,1.41,1004.8,1010.1,24.37,25.51,34.11,16,35.88,37.64,49.74,7,7.66,9.62,46.8,418.3,31
8,August,2024,29.19,29.6,30.6,27.0,30.8,139.6,22,6.27,11.58,18.8,1008.44,1.07,1005.8,1010.2,25.79,24.66,37.69,13,37.61,35.75,55.4,5,9.12,10.65,44.4,445.88,31
9,September,2024,28.01,28.05,30.08,25.5,30.5,342.9,25,13.69,12.31,20.8,1006.78,2.38,1001.5,1009.9,19.52,16.87,33.2,6,28.88,24.99,49.68,2,8.01,10.92,37.65,400.26,30
10,October,2024,27.89,27.8,29.4,25.2,29.8,340.0,27,12.55,8.71,14.2,1008.62,1.43,1004.9,1010.8,27.21,25.55,37.25,17,39.83,37.77,55.16,10,7.55,10.07,51.89,582.71,31
11,November,2024,28.47,28.6,29.51,26.5,29.7,98.2,15,6.29,8.42,14.3,1009.1,0.78,1007.9,1010.5,30.45,30.34,40.99,24,37.28,36.68,54.04,7,7.43,8.65,57.27,1033.82,30
12,December,2024,27.15,27.2,28.55,24.3,28.8,79.5,10,7.76,8.36,15.2,1009.69,1.47,1007.0,1012.2,29.76,29.07,49.58,18,30.82,30.48,51.16,5,6.27,8.6,47.64,978.26,31
