week_start,week_number,temp_mean,temp_p50,temp_p95,temp_min,temp_max,precip_total,rainy_days,wind_speed_mean,wind_speed_max,pressure_mean,pressure_std,pm2_5_mean,pm2_5_p95,pm2_5_exceed_days,pm10_mean,pm10_p95,pm10_exceed_days,uv_max_mean,ozone_mean,data_days
2024-01-07,1,28.4,28.6,28.77,27.7,28.8,0.3,0,6.36,7.1,1011.51,0.55,31.8,39.35,6,48.38,58.95,3,7.61,68.55,7
2024-01-14,2,28.16,28.5,29.15,27.1,29.3,0.0,0,6.79,9.0,1011.34,0.53,28.23,37.24,4,43.42,56.2,2,7.51,74.36,7
2024-01-21,3,28.36,28.2,29.0,27.8,29.0,0.0,0,7.39,9.2,1011.34,0.59,23.67,31.14,2,36.3,46.78,1,8.84,74.63,7
2024-01-28,4,28.9,28.9,29.24,28.6,29.3,0.0,0,9.06,10.9,1014.56,1.32,19.06,23.17,0,29.07,35.3,0,10.71,74.09,7
2024-02-04,5,28.81,28.9,29.17,28.1,29.2,0.0,0,10.64,12.4,1013.99,0.46,15.63,18.36,0,24.67,29.15,0,9.84,73.99,7
2024-02-11,6,28.86,29.0,29.34,28.1,29.4,0.0,0,10.57,13.8,1013.84,1.32,17.66,21.54,0,27.65,34.14,0,9.95,64.27,7
2024-02-18,7,29.71,29.5,30.71,28.4,30.8,0.0,0,11.76,13.7,1013.16,1.27,12.26,16.6,0,19.13,25.23,0,11.89,71.47,7
2024-02-25,8,29.36,29.3,30.01,28.7,30.1,0.2,0,13.21,15.8,1012.09,0.44,12.17,14.24,0,19.45,22.78,0,10.74,61.32,7
2024-03-03,9,29.99,30.0,30.31,29.4,30.4,1.2,1,12.3,14.4,1011.0,0.51,12.92,15.72,0,20.76,25.49,0,12.04,70.37,7
2024-03-10,10,29.63,29.5,30.24,29.0,30.3,0.0,0,13.37,18.4,1010.2,1.23,21.47,29.37,2,34.38,45.85,1,9.52,75.93,7
2024-03-17,11,30.13,30.1,30.71,29.4,30.8,0.0,0,13.3,16.1,1012.26,0.34,16.02,17.92,0,25.92,28.72,0,11.39,70.55,7
2024-03-24,12,29.9,29.9,30.0,29.6,30.0,1.1,0,14.01,16.6,1010.84,1.11,13.93,17.76,0,22.61,28.41,0,12.03,72.63,7
2024-03-31,13,30.66,31.0,31.14,30.0,31.2,0.4,0,13.54,17.2,1011.8,0.56,15.02,18.14,0,24.38,29.62,0,12.26,56.93,7
2024-04-07,14,30.91,30.9,31.07,30.7,31.1,0.6,0,12.57,14.6,1008.94,0.49,13.4,18.69,0,22.09,30.25,0,10.62,58.44,7
2024-04-14,15,31.53,31.7,32.07,30.8,32.1,1.1,0,14.5,16.3,1009.7,0.57,14.45,17.82,0,24.3,29.98,0,10.86,63.55,7
2024-04-21,16,31.43,31.4,31.77,31.1,31.8,0.1,0,13.21,16.1,1008.47,1.33,11.43,14.56,0,18.68,23.77,0,11.28,54.69,7
2024-04-28,17,32.29,32.5,32.91,31.5,33.0,5.8,2,12.59,13.0,1007.31,0.45,10.15,10.95,0,16.1,17.31,0,10.95,45.26,7
2024-05-05,18,32.29,32.8,32.97,29.9,33.0,13.6,2,11.46,13.5,1007.14,0.89,13.5,18.5,0,21.07,28.07,0,10.09,44.14,7
2024-05-12,19,31.69,31.7,32.37,30.9,32.4,36.0,5,12.74,15.4,1009.19,0.54,15.85,19.61,0,25.46,31.43,0,9.97,54.35,7
2024-05-19,20,30.87,31.0,31.97,29.1,32.3,39.0,5,9.89,13.4,1008.14,1.3,16.66,19.46,0,25.77,29.55,0,8.89,46.23,7
2024-05-26,21,30.34,30.4,32.08,28.7,32.5,48.6,6,8.2,11.1,1007.51,0.87,27.41,37.05,3,40.75,54.3,3,8.75,55.48,7
2024-06-02,22,30.0,29.9,31.47,28.2,31.8,88.0,6,9.94,11.8,1008.17,1.55,31.12,38.12,7,45.52,55.33,3,9.37,50.08,7
2024-06-09,23,30.51,30.9,32.09,28.5,32.3,26.0,4,10.21,14.1,1008.37,0.88,34.75,39.38,6,51.64,58.25,6,8.23,53.16,7
2024-06-16,24,30.37,30.6,31.29,29.1,31.5,33.5,6,11.31,16.0,1008.39,1.68,26.1,29.58,4,38.53,43.99,0,9.56,53.39,7
2024-06-23,25,28.96,29.5,30.47,26.8,30.5,75.7,7,14.71,20.9,1006.34,1.05,18.58,22.7,0,26.96,32.71,0,8.57,39.06,7
2024-06-30,26,28.89,28.7,30.28,27.6,30.4,57.1,6,11.61,15.3,1008.37,0.86,23.45,27.93,4,34.95,41.07,0,8.73,45.74,7
2024-07-07,27,29.03,29.4,29.94,27.4,30.0,67.0,7,10.56,14.3,1007.69,1.34,28.57,34.26,5,41.4,49.51,2,8.71,52.57,7
2024-07-14,28,28.07,28.0,29.28,26.8,29.4,100.9,7,13.76,18.1,1007.34,1.69,21.41,30.65,3,31.27,44.67,1,7.88,41.02,7
2024-07-21,29,27.27,27.2,28.05,26.4,28.2,96.6,7,15.14,19.0,1006.56,1.05,18.04,22.54,0,26.02,32.6,0,5.87,36.92,7
2024-07-28,30,28.39,28.0,29.54,27.5,29.6,79.5,6,17.19,20.9,1006.7,1.19,26.18,30.31,5,40.11,47.09,2,7.37,54.87,7
2024-08-04,31,29.07,29.6,29.77,27.2,29.8,67.2,7,12.01,14.9,1009.14,1.03,32.01,37.78,6,46.9,55.57,4,8.95,50.47,7
2024-08-11,32,29.8,29.8,30.6,28.8,30.6,45.9,6,13.64,17.9,1007.87,1.07,23.56,28.52,2,34.34,42.18,0,9.21,44.77,7
2024-08-18,33,29.91,30.0,30.59,29.0,30.8,32.8,5,12.3,18.8,1007.34,0.76,26.62,31.14,3,38.95,45.92,1,10.11,49.17,7
2024-08-25,34,29.23,29.6,30.21,27.5,30.3,12.3,5,8.79,11.1,1009.2,0.73,27.97,37.33,4,40.78,53.76,2,8.99,43.59,7
2024-09-01,35,27.7,27.8,28.41,26.6,28.5,13.3,2,11.91,17.2,1008.66,0.33,21.2,25.02,1,30.63,36.32,0,7.93,34.59,7
2024-09-08,36,27.93,28.2,28.87,26.5,28.9,63.4,4,15.81,20.8,1007.06,1.75,15.28,20.27,0,22.44,29.88,0,8.45,33.39,7
2024-09-15,37,28.34,28.0,29.62,27.5,29.8,98.6,7,12.2,15.5,1006.47,1.24,20.74,28.45,2,30.58,42.47,0,8.34,34.39,7
2024-09-22,38,26.8,26.7,28.01,25.5,28.1,110.0,7,13.27,18.1,1003.99,2.29,15.18,20.67,0,22.15,30.11,0,7.0,41.76,7
2024-09-29,39,28.84,28.5,30.29,27.8,30.5,53.0,6,8.3,10.9,1009.33,0.57,25.45,38.28,3,38.44,56.29,2,8.53,41.1,7
2024-10-06,40,28.61,27.9,30.15,27.4,30.3,69.4,6,9.17,12.5,1008.8,1.13,28.96,37.39,4,42.54,55.67,3,8.72,57.73,7
2024-10-13,41,27.9,27.7,28.67,27.0,28.7,64.7,7,7.7,9.5,1009.19,0.75,29.52,34.13,5,43.73,49.96,3,8.53,55.22,7
2024-10-20,42,27.54,27.8,28.14,26.7,28.2,108.6,7,7.33,8.7,1009.59,0.79,24.99,37.55,3,36.42,54.95,1,6.56,40.02,7
2024-10-27,43,28.13,28.0,29.44,26.2,29.5,60.5,4,10.24,14.2,1007.41,1.75,26.9,32.94,4,39.23,47.94,2,7.01,52.24,7
2024-11-03,44,27.83,28.3,29.14,25.2,29.2,77.0,6,10.2,13.8,1008.2,1.39,26.21,34.54,4,37.82,49.83,2,7.29,61.89,7
2024-11-10,45,27.76,27.5,28.17,27.4,28.2,38.9,7,7.03,7.8,1010.13,0.29,32.23,40.02,6,48.17,59.66,4,7.71,56.55,7
2024-11-17,46,29.03,29.0,29.4,28.5,29.4,2.7,1,9.54,12.3,1008.51,0.39,25.11,34.84,4,29.35,45.11,1,6.75,67.47,7
2024-11-24,47,28.94,28.9,29.67,28.2,29.7,23.6,3,6.86,8.3,1008.67,0.48,35.97,47.99,7,37.93,50.85,1,7.6,46.66,7
2024-12-01,48,28.07,28.5,29.14,26.5,29.2,10.8,2,9.54,14.3,1008.86,0.75,30.32,38.82,6,31.99,40.72,0,7.36,56.12,7
2024-12-08,49,27.73,27.8,28.74,26.5,28.8,36.2,5,7.63,10.0,1008.14,0.87,33.74,47.77,5,35.07,49.14,2,5.97,42.86,7
2024-12-15,50,27.0,27.0,28.14,25.6,28.2,19.7,2,8.19,10.4,1009.13,1.12,19.12,27.57,1,19.93,28.52,0,4.83,38.2,7
2024-12-22,51,26.46,26.5,27.55,24.3,27.7,0.0,0,7.41,9.0,1010.44,0.56,38.43,48.77,6,39.72,50.61,2,6.49,53.2,7
2024-12-29,52,27.33,27.3,28.35,25.9,28.5,23.5,3,10.16,15.2,1010.91,1.3,23.1,35.3,3,23.87,36.52,0,7.51,49.52,7
2025-01-05,1,27.25,27.25,27.74,26.7,27.8,0.0,0,8.7,9.0,1011.05,0.64,41.33,53.09,2,42.4,54.59,1,6.88,53.0,2
