time,temperature_avg_C,precipitation_mm,wind_speed_kmh,wind_direction_deg,pressure_hPa
2024-01-01,28.2,0.0,6.2,,1011.3
2024-01-02,28.6,0.0,6.3,,1010.9
2024-01-03,28.6,0.0,7.1,,1010.9
2024-01-04,28.2,0.0,6.8,,1011.4
2024-01-05,27.7,0.0,5.1,,1012.2
2024-01-06,28.7,0.3,6.1,,1011.7
2024-01-07,28.8,0.0,6.9,,1012.2
2024-01-08,28.6,0.0,5.0,,1012.1
2024-01-09,28.8,0.0,7.3,,1011.2
2024-01-10,29.3,0.0,9.0,,1010.6
2024-01-11,28.5,0.0,7.9,,1011.1
2024-01-12,27.5,0.0,7.9,,1011.1
2024-01-13,27.1,0.0,5.1,,1011.3
2024-01-14,27.3,0.0,5.3,,1012.0
2024-01-15,27.8,0.0,6.8,,1011.5
2024-01-16,28.2,0.0,6.3,,1011.3
2024-01-17,29.0,0.0,6.7,,1011.2
2024-01-18,29.0,0.0,6.7,,1010.8
2024-01-19,28.6,0.0,7.5,,1010.7
2024-01-20,27.9,0.0,8.5,,1011.4
2024-01-21,28.0,0.0,9.2,,1012.5
2024-01-22,29.3,0.0,10.9,,1012.6
2024-01-23,28.8,0.0,8.3,,1013.3
2024-01-24,28.7,0.0,8.9,,1013.8
2024-01-25,29.1,0.0,8.3,,1015.3
2024-01-26,28.9,0.0,8.0,,1016.2
2024-01-27,28.6,0.0,9.0,,1015.3
2024-01-28,28.9,0.0,10.0,,1015.4
2024-01-29,29.0,0.0,8.2,,1014.8
2024-01-30,29.2,0.0,11.2,,1014.2
2024-01-31,29.1,0.0,11.3,,1013.9
2024-02-01,28.8,0.0,9.9,,1014.2
2024-02-02,28.1,0.0,12.4,,1013.5
2024-02-03,28.6,0.0,12.1,,1013.5
2024-02-04,28.9,0.0,9.4,,1013.8
2024-02-05,28.5,0.0,9.0,,1013.8
2024-02-06,29.0,0.0,11.8,,1014.0
2024-02-07,28.7,0.0,10.7,,1012.8
2024-02-08,28.1,0.0,10.9,,1012.2
2024-02-09,29.4,0.0,13.8,,1013.2
2024-02-10,29.2,0.0,8.5,,1014.7
2024-02-11,29.1,0.0,9.3,,1016.2
2024-02-12,28.4,0.0,8.3,,1015.6
2024-02-13,29.5,0.0,10.8,,1014.0
2024-02-14,30.5,0.0,12.3,,1012.9
2024-02-15,30.8,0.0,13.7,,1012.9
2024-02-16,30.1,0.0,12.3,,1012.7
2024-02-17,29.5,0.0,12.7,,1011.9
2024-02-18,29.2,0.0,12.2,,1012.1
2024-02-19,29.2,0.0,14.1,,1012.2
2024-02-20,28.9,0.0,12.2,,1012.0
2024-02-21,28.7,0.0,12.6,,1011.5
2024-02-22,29.3,0.0,13.5,,1012.4
2024-02-23,29.5,0.0,14.0,,1012.6
2024-02-24,30.1,0.2,15.8,,1012.4
2024-02-25,29.8,0.0,10.3,,1011.5
2024-02-26,30.4,0.0,11.2,,1011.8
2024-02-27,30.1,1.2,13.1,,1011.2
2024-02-28,30.0,0.0,13.3,,1010.2
2024-02-29,30.1,0.0,14.4,,1010.6
2024-03-01,30.0,0.0,13.0,,1011.2
2024-03-02,29.9,0.0,10.4,,1011.1
2024-03-03,29.4,0.0,10.7,,1010.9
2024-03-04,29.3,0.0,15.5,,1010.5
2024-03-05,29.0,0.0,9.4,,1010.0
2024-03-06,29.2,0.0,9.9,,1008.8
2024-03-07,29.5,0.0,12.0,,1008.8
2024-03-08,30.3,0.0,18.4,,1010.2
2024-03-09,30.0,0.0,12.1,,1010.7
2024-03-10,30.1,0.0,16.3,,1012.4
2024-03-11,30.5,0.0,12.9,,1012.8
2024-03-12,30.8,0.0,11.5,,1012.5
2024-03-13,30.1,0.0,12.1,,1012.3
2024-03-14,29.8,0.0,13.7,,1011.9
2024-03-15,29.4,0.0,16.1,,1011.9
2024-03-16,30.0,0.0,13.9,,1012.4
2024-03-17,30.3,0.0,12.9,,1012.0
2024-03-18,29.9,0.0,14.5,,1010.6
2024-03-19,29.9,0.0,16.6,,1011.6
2024-03-20,30.0,0.0,11.1,,1012.4
2024-03-21,30.0,0.6,10.2,,1011.1
2024-03-22,30.0,0.0,15.2,,1009.0
2024-03-23,29.6,0.5,15.3,,1010.0
2024-03-24,29.9,0.0,15.2,,1011.2
2024-03-25,30.0,0.2,13.8,,1011.1
2024-03-26,31.2,0.0,17.2,,1011.9
2024-03-27,31.0,0.1,12.7,,1012.7
2024-03-28,30.2,0.1,13.3,,1011.6
2024-03-29,30.2,0.0,12.9,,1011.3
2024-03-30,31.0,0.0,14.2,,1012.3
2024-03-31,31.0,0.0,10.7,,1011.7
2024-04-01,31.0,0.2,10.0,,1009.7
2024-04-02,30.9,0.2,12.8,,1009.0
2024-04-03,31.0,0.0,12.4,,1009.4
2024-04-04,31.1,0.0,11.4,,1008.7
2024-04-05,30.9,0.2,13.9,,1008.4
2024-04-06,30.7,0.0,14.6,,1009.0
2024-04-07,30.8,0.0,12.9,,1008.4
2024-04-08,31.0,0.0,12.6,,1009.0
2024-04-09,31.7,0.0,15.9,,1009.3
2024-04-10,31.9,0.4,14.5,,1010.5
2024-04-11,32.1,0.7,14.3,,1009.8
2024-04-12,32.0,0.0,13.4,,1009.4
2024-04-13,31.2,0.0,16.3,,1009.5
2024-04-14,30.8,0.0,14.5,,1010.4
2024-04-15,31.2,0.0,13.9,,1010.8
2024-04-16,31.7,0.0,16.1,,1009.3
2024-04-17,31.4,0.1,13.8,,1009.0
2024-04-18,31.4,0.0,10.6,,1008.1
2024-04-19,31.4,0.0,12.6,,1007.0
2024-04-20,31.1,0.0,13.5,,1007.2
2024-04-21,31.8,0.0,12.0,,1007.9
2024-04-22,31.5,0.0,12.4,,1007.8
2024-04-23,31.8,0.0,11.9,,1007.3
2024-04-24,31.9,1.5,12.8,,1007.2
2024-04-25,32.5,2.8,13.0,,1007.2
2024-04-26,32.6,0.8,12.9,,1007.0
2024-04-27,32.7,0.0,12.5,,1006.7
2024-04-28,33.0,0.7,12.6,,1008.0
2024-04-29,33.0,0.0,10.9,,1008.3
2024-04-30,32.5,0.0,12.7,,1006.4
2024-05-01,32.9,0.0,12.5,,1005.7
2024-05-02,32.9,0.9,13.5,,1006.8
2024-05-03,32.8,0.0,13.3,,1007.6
2024-05-04,32.0,4.8,9.9,,1007.6
2024-05-05,29.9,7.9,7.4,,1007.6
2024-05-06,31.4,0.0,11.4,,1008.5
2024-05-07,30.9,13.9,11.7,,1009.7
2024-05-08,31.0,0.5,11.1,,1009.0
2024-05-09,31.7,4.2,15.4,,1008.7
2024-05-10,32.1,2.0,14.0,,1009.0
2024-05-11,32.3,10.8,12.7,,1010.0
2024-05-12,32.4,4.6,12.9,,1009.4
2024-05-13,32.3,5.2,13.2,,1008.5
2024-05-14,31.2,0.9,9.0,,1008.8
2024-05-15,30.8,10.9,13.4,,1009.4
2024-05-16,29.1,4.5,8.4,,1009.0
2024-05-17,30.7,9.6,9.0,,1008.6
2024-05-18,31.0,0.8,6.9,,1006.9
2024-05-19,31.0,7.1,9.3,,1005.8
2024-05-20,30.4,6.3,11.1,,1005.9
2024-05-21,28.7,17.8,9.4,,1007.3
2024-05-22,29.9,5.7,7.1,,1007.5
2024-05-23,29.3,13.6,6.1,,1007.6
2024-05-24,31.1,0.0,5.3,,1007.5
2024-05-25,32.5,2.6,10.9,,1008.0
2024-05-26,30.5,2.6,7.5,,1008.8
2024-05-27,31.8,1.9,11.8,,1007.1
2024-05-28,29.9,39.1,9.8,,1007.3
2024-05-29,30.7,7.6,11.3,,1006.7
2024-05-30,29.5,19.6,11.5,,1007.1
2024-05-31,28.2,8.4,10.5,,1008.4
2024-06-01,29.7,11.4,6.9,,1010.2
2024-06-02,30.2,0.0,7.8,,1010.4
2024-06-03,31.6,0.0,9.8,,1008.9
2024-06-04,32.3,0.0,8.9,,1008.3
2024-06-05,30.9,0.7,13.0,,1009.2
2024-06-06,31.5,7.5,8.6,,1009.4
2024-06-07,28.5,1.7,9.8,,1008.3
2024-06-08,29.3,11.1,7.3,,1007.1
2024-06-09,29.5,5.0,14.1,,1007.4
2024-06-10,29.7,6.3,16.0,,1009.3
2024-06-11,30.8,1.5,12.3,,1010.2
2024-06-12,30.7,3.6,13.5,,1010.4
2024-06-13,31.5,0.2,12.2,,1008.4
2024-06-14,30.2,7.1,9.7,,1006.5
2024-06-15,30.6,8.5,7.1,,1006.2
2024-06-16,29.1,6.3,8.4,,1007.7
2024-06-17,29.9,3.2,9.9,,1007.9
2024-06-18,30.4,8.8,13.6,,1007.2
2024-06-19,30.5,9.1,16.8,,1006.0
2024-06-20,29.5,13.7,15.3,,1005.5
2024-06-21,26.8,13.6,9.2,,1005.2
2024-06-22,28.0,12.8,17.3,,1005.5
2024-06-23,27.6,14.5,20.9,,1007.1
2024-06-24,27.6,12.4,13.9,,1007.5
2024-06-25,28.5,5.5,15.3,,1007.6
2024-06-26,28.7,0.9,9.1,,1007.5
2024-06-27,28.0,24.2,9.4,,1008.7
2024-06-28,29.0,7.2,9.5,,1008.5
2024-06-29,30.0,4.7,12.1,,1009.2
2024-06-30,30.4,2.2,12.0,,1009.6
2024-07-01,29.8,1.5,14.3,,1008.2
2024-07-02,29.4,22.9,8.7,,1006.5
2024-07-03,28.0,15.9,9.5,,1008.3
2024-07-04,27.4,8.7,9.2,,1010.0
2024-07-05,28.9,3.7,11.3,,1007.9
2024-07-06,30.0,3.9,9.2,,1006.1
2024-07-07,29.7,10.4,11.7,,1006.8
2024-07-08,29.0,7.8,8.8,,1007.2
2024-07-09,29.4,9.3,9.8,,1008.3
2024-07-10,28.0,12.8,11.1,,1009.9
2024-07-11,27.3,25.0,13.7,,1008.5
2024-07-12,28.0,4.4,18.1,,1006.8
2024-07-13,28.0,29.4,16.7,,1005.4
2024-07-14,26.8,12.2,18.1,,1005.3
2024-07-15,27.7,15.9,14.3,,1005.1
2024-07-16,26.9,9.2,15.0,,1005.3
2024-07-17,26.4,14.4,19.0,,1006.1
2024-07-18,27.2,21.7,15.3,,1007.2
2024-07-19,27.5,3.9,15.1,,1007.1
2024-07-20,27.0,18.4,12.7,,1007.6
2024-07-21,28.2,13.1,14.6,,1007.5
2024-07-22,27.9,7.8,17.9,,1007.9
2024-07-23,29.4,2.5,19.6,,1007.4
2024-07-24,29.6,0.1,20.9,,1005.7
2024-07-25,28.0,8.7,18.0,,1004.8
2024-07-26,28.0,13.8,16.4,,1006.0
2024-07-27,27.5,23.3,13.3,,1007.6
2024-07-28,28.3,23.3,14.2,,1007.5
2024-07-29,29.2,14.9,13.9,,1007.1
2024-07-30,29.7,4.4,14.9,,1008.6
2024-07-31,29.6,12.6,13.2,,1010.1
2024-08-01,29.8,3.5,10.8,,1010.0
2024-08-02,29.7,17.1,9.9,,1009.3
2024-08-03,28.3,9.8,10.2,,1009.4
2024-08-04,27.2,4.9,11.2,,1009.5
2024-08-05,28.9,19.0,10.7,,1008.6
2024-08-06,28.8,9.5,12.3,,1007.7
2024-08-07,29.7,10.3,12.9,,1008.5
2024-08-08,30.2,0.0,13.6,,1008.9
2024-08-09,29.8,2.5,13.1,,1008.3
2024-08-10,30.6,2.8,15.0,,1007.3
2024-08-11,30.6,1.8,17.9,,1005.8
2024-08-12,29.0,7.4,18.8,,1006.5
2024-08-13,30.0,0.7,11.0,,1007.6
2024-08-14,30.1,3.0,12.8,,1007.3
2024-08-15,30.1,7.2,13.0,,1006.6
2024-08-16,30.0,6.9,12.5,,1006.8
2024-08-17,29.4,7.5,9.0,,1008.2
2024-08-18,30.8,0.1,9.0,,1008.4
2024-08-19,30.3,0.0,11.1,,1008.1
2024-08-20,29.6,0.8,9.6,,1008.7
2024-08-21,29.7,1.6,8.0,,1009.7
2024-08-22,30.0,2.0,8.0,,1009.4
2024-08-23,28.7,3.1,8.4,,1010.2
2024-08-24,28.8,1.4,6.9,,1009.6
2024-08-25,27.5,3.4,9.5,,1008.7
2024-08-26,28.1,6.7,9.6,,1008.4
2024-08-27,27.8,6.6,9.4,,1008.8
2024-08-28,27.7,,12.9,,1008.6
2024-08-29,28.2,,17.2,,1008.8
2024-08-30,28.5,,15.4,,1009.1
2024-08-31,27.0,,9.2,,1008.8
2024-09-01,26.6,,9.7,,1008.1
2024-09-02,26.6,,9.0,,1008.3
2024-09-03,28.0,,15.7,,1008.7
2024-09-04,26.5,,12.9,,1007.5
2024-09-05,28.5,13.7,15.8,,1004.6
2024-09-06,28.2,10.9,20.1,,1004.7
2024-09-07,28.9,12.4,20.8,,1007.0
2024-09-08,28.8,26.4,16.4,,1008.6
2024-09-09,29.8,5.8,15.0,,1006.9
2024-09-10,29.2,20.6,11.5,,1006.1
2024-09-11,27.8,6.3,8.8,,1007.7
2024-09-12,28.3,14.7,8.7,,1008.1
2024-09-13,27.8,21.3,12.4,,1006.6
2024-09-14,28.0,20.6,15.5,,1005.2
2024-09-15,27.5,9.3,13.5,,1004.7
2024-09-16,27.8,23.6,14.5,,1003.8
2024-09-17,26.7,20.8,13.1,,1002.7
2024-09-18,25.5,25.4,8.5,,1001.5
2024-09-19,28.1,3.4,18.1,,1001.9
2024-09-20,27.0,8.8,15.3,,1004.0
2024-09-21,26.1,17.3,15.2,,1006.3
2024-09-22,26.4,10.7,8.2,,1007.7
2024-09-23,27.8,27.3,8.5,,1009.5
2024-09-24,28.2,4.9,4.6,,1009.5
2024-09-25,28.4,3.4,6.0,,1009.9
2024-09-26,28.5,8.3,9.2,,1009.8
2024-09-27,28.7,5.4,9.8,,1009.5
2024-09-28,29.8,0.6,9.1,,1008.8
2024-09-29,30.5,3.1,10.9,,1008.3
2024-09-30,30.3,17.9,12.5,,1007.4
2024-10-01,29.3,6.1,10.2,,1007.1
2024-10-02,29.8,5.2,8.4,,1008.8
2024-10-03,27.4,22.5,8.4,,1009.8
2024-10-04,27.8,4.5,8.7,,1009.7
2024-10-05,27.9,0.7,7.2,,1009.0
2024-10-06,27.8,12.5,8.8,,1009.8
2024-10-07,28.6,12.0,7.4,,1010.4
2024-10-08,27.0,11.2,7.4,,1010.0
2024-10-09,27.5,13.2,6.5,,1009.1
2024-10-10,27.3,4.3,7.5,,1008.6
2024-10-11,28.7,7.2,6.9,,1008.3
2024-10-12,28.5,9.8,8.7,,1009.0
2024-10-13,27.7,7.0,9.5,,1008.9
2024-10-14,28.2,6.7,7.6,,1008.3
2024-10-15,28.0,11.7,5.1,,1009.0
2024-10-16,27.1,16.4,8.6,,1009.7
2024-10-17,27.0,13.2,6.5,,1009.8
2024-10-18,26.7,11.0,6.9,,1009.5
2024-10-19,28.0,17.5,8.7,,1010.0
2024-10-20,27.8,32.1,7.9,,1010.8
2024-10-21,27.2,24.4,9.6,,1009.5
2024-10-22,27.6,12.9,8.4,,1008.5
2024-10-23,28.0,12.8,9.7,,1008.7
2024-10-24,29.5,0.4,9.4,,1007.9
2024-10-25,29.1,0.1,11.2,,1007.1
2024-10-26,29.3,0.0,14.2,,1005.3
2024-10-27,26.2,9.9,9.2,,1004.9
2024-10-28,25.2,44.3,9.2,,1005.7
2024-10-29,27.2,6.1,10.5,,1007.4
2024-10-30,29.0,3.3,12.0,,1008.6
2024-10-31,28.3,1.0,9.8,,1008.1
2024-11-01,29.2,9.0,9.4,,1008.2
2024-11-02,28.8,13.3,13.8,,1009.6
2024-11-03,27.1,0.0,6.7,,1009.8
2024-11-04,28.1,11.8,7.6,,1009.6
2024-11-05,27.5,7.7,7.8,,1010.1
2024-11-06,27.5,5.6,7.6,,1010.5
2024-11-07,28.2,1.6,5.3,,1010.3
2024-11-08,27.4,2.9,6.6,,1010.1
2024-11-09,27.5,8.3,7.0,,1010.0
2024-11-10,28.1,1.0,7.3,,1010.3
2024-11-11,29.0,0.0,7.0,,1009.2
2024-11-12,29.4,0.7,7.9,,1008.3
2024-11-13,28.5,1.6,10.1,,1008.0
2024-11-14,29.2,0.0,12.3,,1008.7
2024-11-15,28.8,0.2,9.5,,1008.7
2024-11-16,29.4,0.0,10.8,,1008.3
2024-11-17,28.9,0.2,9.2,,1008.4
2024-11-18,29.1,0.0,6.9,,1008.3
2024-11-19,29.6,0.8,8.3,,1009.1
2024-11-20,28.6,5.5,6.6,,1008.8
2024-11-21,28.9,9.2,7.6,,1007.9
2024-11-22,28.5,0.7,5.9,,1008.4
2024-11-23,28.2,0.3,5.7,,1009.1
2024-11-24,29.7,7.1,7.0,,1009.1
2024-11-25,29.2,0.0,8.3,,1008.8
2024-11-26,28.6,0.0,8.2,,1008.4
2024-11-27,29.0,0.1,9.0,,1008.4
2024-11-28,28.5,0.8,14.3,,1009.8
2024-11-29,27.1,2.2,10.2,,1009.8
2024-11-30,26.5,7.6,8.8,,1009.0
2024-12-01,27.6,0.1,8.0,,1007.8
2024-12-02,28.6,0.4,7.2,,1007.0
2024-12-03,26.7,2.4,6.0,,1008.0
2024-12-04,26.5,8.9,7.8,,1008.0
2024-12-05,27.6,13.4,6.7,,1007.7
2024-12-06,28.8,2.1,8.1,,1007.8
2024-12-07,27.8,8.2,7.6,,1008.8
2024-12-08,28.1,0.8,10.0,,1009.7
2024-12-09,28.2,0.0,9.5,,1009.4
2024-12-10,28.0,,10.4,,1008.9
2024-12-11,27.0,,8.3,,1008.2
2024-12-12,27.2,,8.2,,1007.7
2024-12-13,26.8,,7.2,,1008.8
2024-12-14,26.2,4.7,8.6,,1009.8
2024-12-15,25.6,15.0,5.1,,1011.1
2024-12-16,26.5,0.0,5.7,,1011.5
2024-12-17,27.0,0.0,7.5,,1010.7
2024-12-18,27.2,0.0,6.9,,1010.0
2024-12-19,27.7,0.0,9.0,,1010.0
2024-12-20,26.5,0.0,8.2,,1010.0
2024-12-21,26.0,0.0,5.9,,1010.7
2024-12-22,24.3,0.0,8.7,,1010.2
2024-12-23,25.9,0.0,8.8,,1009.0
2024-12-24,27.4,0.3,13.9,,1009.6
2024-12-25,28.0,0.3,15.2,,1010.2
2024-12-26,28.5,3.2,9.6,,1011.5
2024-12-27,27.1,11.7,8.1,,1012.2
2024-12-28,27.1,8.0,6.4,,1012.2
2024-12-29,27.3,0.0,9.1,,1011.7
2024-12-30,26.7,0.0,8.4,,1011.5
2024-12-31,27.8,0.0,9.0,,1010.6
